Name,Area: posneg_MZ25_36_25230101131_1.raw (F1),Area: posneg_MZ25_36_25230101131_2.raw (F2),Area: posneg_MZ25_36_25230104334_1.raw (F3),Area: posneg_MZ25_36_25230104334_2.raw (F4),Area: posneg_MZ25_36_25230977231_1.raw (F5),Area: posneg_MZ25_36_25230977231_2.raw (F6),Area: posneg_MZ25_36_25231053631_1.raw (F7),Area: posneg_MZ25_36_25231053631_2.raw (F8),Area: posneg_MZ25_36_25231493132_1.raw (F9),Area: posneg_MZ25_36_25231493132_2.raw (F10),Area: posneg_MZ25_36_25231779233_1.raw (F11),Area: posneg_MZ25_36_25231779233_2.raw (F12),Area: posneg_MZ25_36_25240047631_1.raw (F13),Area: posneg_MZ25_36_25240047631_2.raw (F14),Area: posneg_MZ25_36_25241550131_1.raw (F15),Area: posneg_MZ25_36_25241550131_2.raw (F16),Area: posneg_MZ25_36_25241552631_1.raw (F17),Area: posneg_MZ25_36_25241552631_2.raw (F18),Area: posneg_MZ25_36_25241554131_1.raw (F19),Area: posneg_MZ25_36_25241554131_2.raw (F20),Area: posneg_MZ25_36_25241560631_1.raw (F21),Area: posneg_MZ25_36_25241560631_2.raw (F22),Area: posneg_MZ25_36_25250093831_1.raw (F23),Area: posneg_MZ25_36_25250093831_2.raw (F24),Area: posneg_MZ25_36_25250108136_1.raw (F25),Area: posneg_MZ25_36_25250108136_2.raw (F26),Area: posneg_MZ25_36_25250975931_1.raw (F27),Area: posneg_MZ25_36_25250975931_2.raw (F28),Area: posneg_MZ25_36_25251285334_1.raw (F29),Area: posneg_MZ25_36_25251285334_2.raw (F30),Area: posneg_MZ25_36_25251386131_1.raw (F31),Area: posneg_MZ25_36_25251386131_2.raw (F32),Area: posneg_MZ25_36_25251400831_1.raw (F33),Area: posneg_MZ25_36_25251400831_2.raw (F34),Area: posneg_MZ25_36_25251700131_1.raw (F35),Area: posneg_MZ25_36_25251700131_2.raw (F36),Area: posneg_MZ25_36_25251906231_1.raw (F37),Area: posneg_MZ25_36_25251906231_2.raw (F38),Area: posneg_MZ25_36_25252083431_1.raw (F39),Area: posneg_MZ25_36_25252083431_2.raw (F40),Area: posneg_MZ25_36_25260053133_1.raw (F41),Area: posneg_MZ25_36_25260053133_2.raw (F42),Area: posneg_MZ25_36_25260285242_1.raw (F43),Area: posneg_MZ25_36_25260285242_2.raw (F44),Area: posneg_MZ25_36_25261136032_1.raw (F45),Area: posneg_MZ25_36_25261136032_2.raw (F46),Area: posneg_MZ25_36_25261211132_1.raw (F47),Area: posneg_MZ25_36_25261211132_2.raw (F48),Area: posneg_MZ25_36_25261284831_1.raw (F49),Area: posneg_MZ25_36_25261284831_2.raw (F50),Area: posneg_MZ25_36_25261810039_1.raw (F51),Area: posneg_MZ25_36_25261810039_2.raw (F52),Area: posneg_MZ25_36_25270020731_1.raw (F53),Area: posneg_MZ25_36_25270020731_2.raw (F54),Area: posneg_MZ25_36_25270595638_1.raw (F55),Area: posneg_MZ25_36_25270595638_2.raw (F56),Area: posneg_MZ25_36_25270693831_1.raw (F57),Area: posneg_MZ25_36_25270693831_2.raw (F58),Area: posneg_MZ25_36_25270803931_1.raw (F59),Area: posneg_MZ25_36_25270803931_2.raw (F60),Area: posneg_MZ25_36_25270968333_1.raw (F61),Area: posneg_MZ25_36_25270968333_2.raw (F62),Area: posneg_MZ25_36_25271191931_1.raw (F63),Area: posneg_MZ25_36_25271191931_2.raw (F64),Area: posneg_MZ25_36_25280384031_1.raw (F65),Area: posneg_MZ25_36_25280384031_2.raw (F66),Area: posneg_MZ25_36_25280538631_1.raw (F67),Area: posneg_MZ25_36_25280538631_2.raw (F68),Area: posneg_MZ25_36_25280599031_1.raw (F69),Area: posneg_MZ25_36_25280599031_2.raw (F70),Area: posneg_MZ25_36_25280740431_1.raw (F71),Area: posneg_MZ25_36_25280740431_2.raw (F72),Area: posneg_MZ25_36_25281070133_1.raw (F73),Area: posneg_MZ25_36_25281070133_2.raw (F74),Area: posneg_MZ25_36_25281097731_1.raw (F75),Area: posneg_MZ25_36_25281097731_2.raw (F76),Area: posneg_MZ25_36_25281885731_1.raw (F77),Area: posneg_MZ25_36_25281885731_2.raw (F78),Area: posneg_MZ25_36_25371469831_1.raw (F79),Area: posneg_MZ25_36_25371469831_2.raw (F80),Area: posneg_MZ25_36_25371523931_1.raw (F81),Area: posneg_MZ25_36_25371523931_2.raw (F82),Area: posneg_MZ25_36_25371729131_1.raw (F83),Area: posneg_MZ25_36_25371729131_2.raw (F84),Area: posneg_MZ25_36_25371767632_1.raw (F85),Area: posneg_MZ25_36_25371767632_2.raw (F86),Area: posneg_MZ25_36_25380127633_1.raw (F87),Area: posneg_MZ25_36_25380127633_2.raw (F88),Area: posneg_MZ25_36_blanco_1.raw (F89),Area: posneg_MZ25_36_blanco_2.raw (F90),Area: posneg_MZ25_36_expQC_1.raw (F91),Area: posneg_MZ25_36_expQC_2.raw (F92),Area: posneg_MZ25_36_expQC_3.raw (F93),Area: posneg_MZ25_36_expQC_4.raw (F94),Area: posneg_MZ25_36_expQC_5.raw (F95),Area: posneg_MZ25_36_expQC_6.raw (F96),Area: posneg_MZ25_36_expQC_7.raw (F97),Area: posneg_MZ25_36_expQC_8.raw (F98),Area: posneg_MZ25_36_expQC_9.raw (F99)
Propionylcarnitine.HMDB0000824,33065436.6441355,33096663.2721439,17815846.3993605,18220752.9704215,59652473.859809,57979059.9247637,9430936.96772467,9411481.78610528,6786737.44155688,7454259.29421464,15136870.0441979,15174090.8885029,9709224.67834133,9282752.18980027,18487823.2087111,17071031.2767522,27692326.8852572,29132727.8296737,46679908.046332,45407521.3490515,10161482.9364218,10814567.9818477,17981312.0241523,17269686.5847942,16889624.0811763,18341459.1880316,20480887.1669534,19329846.3946461,23722877.4004751,22572108.1445375,13843530.6545407,14387111.9680083,16307208.0424596,16212766.3738344,17541521.2719919,17108855.6243784,21597454.3433216,21325574.4028491,9043802.5853148,8524217.15699358,15521151.8708793,15077291.4930894,9439633.29211439,9201748.29576417,13287990.9443039,12360367.4417801,21299439.394466,20718225.2084515,10149616.6052453,10736309.367824,5248510.89570391,4911112.01596308,16305254.9282946,16541103.6616347,1232683717.92788,1267950770.99722,40819792.982526,40369108.596172,24726658.4389601,23310481.8034304,17219775.9252115,17152362.8543252,13811860.3278874,13340228.7223725,44623200.9740134,43012320.926505,12585771.4940237,13360680.4764636,18617064.3607596,18337825.3516569,14935487.8893175,14285765.6706603,14831461.0857994,15262638.7436695,14010074.2926229,14665491.1691385,45215708.9702039,42928023.8286468,22611357.6936638,22134779.1279044,18662429.8291486,18639982.2548441,15734801.2791884,16106334.5678085,28596121.4888963,29279764.9488702,17114524.2795321,17344021.6643467,420261.710168817,135129.107004993,65152632.8448839,61434050.148267,64606682.5547799,65992690.1535735,64114077.4586672,63997534.993064,64374639.6393088,64298627.4234064,62576216.8009007
L-Phenylalanine.HMDB0000159,1062126645.29123,1088531026.45575,673701101.023685,647943133.263364,582234438.998879,567091189.419246,733652872.218411,745625959.489518,1106128180.03834,1128527436.06153,806532500.451075,803490671.24898,916078128.07171,892362313.713485,898294522.506296,861788135.023533,961178787.283718,1041320866.61859,714324611.624933,721640937.3005,992547950.254608,1129936557.10228,727421693.819131,683838381.014059,732511543.45632,815662654.479897,768538292.749152,750294904.630071,599467148.813554,567930744.471992,1103436258.5541,1125105374.64207,857161338.523469,868029390.125013,826745325.816679,829307910.3723,781904824.249678,731172264.310098,742653899.781828,701079545.153306,1101624342.74952,1074728868.82333,7573210010.4121,7428960774.83406,829769403.510497,802638493.043376,816591881.949184,715670514.092482,883541436.196283,937647891.012777,611577748.851842,597208804.839024,635811958.997837,666831723.085165,915818711.899416,925704361.036852,950383175.346708,917628959.961693,608506465.242602,548761747.53897,798722884.493373,776259664.175975,779346869.238082,769375782.40176,860844897.783756,859751214.603643,917215202.088262,936090783.316507,1374948639.66233,1390157447.94311,749835184.713621,715700677.28966,646627900.63723,626934219.168806,828437975.232118,890541460.660863,764242029.881842,717798622.721096,682671056.945745,682772304.47678,1109997901.22384,1111317191.84753,867164002.631993,871347714.513581,415137046.789564,415451169.219591,645282856.056589,661938876.711439,1442474.80361111,2624315.65116919,1040067321.35188,1030057300.64576,1055625464.32575,1048911520.00052,1064851820.19396,1061154833.61074,1060686809.086,1106946881.77282,1090021398.54943
Creatinine.HMDB0000562,151105420.033015,155430769.769246,141017581.925194,141612273.785913,97162059.6354541,97126348.2637075,182116702.116927,174719286.875169,150132998.161137,160015305.458335,157653818.893955,154139427.352901,165535802.643308,155521896.468975,267658561.477849,247977621.018616,143271936.007631,153096667.370911,86967289.4352472,88276217.7700559,106622639.504772,120886518.439774,152500767.664704,137084123.892838,221966682.19675,239104422.389286,129989019.79487,129296751.79523,96179490.1986431,94072993.2339862,127481283.427705,128865671.317269,293838169.680658,293077224.39134,128188457.977931,124930763.363467,124244498.051629,126647839.593278,300262393.583102,279488389.883288,174807592.831541,180658250.909658,253964154.367593,234722893.603214,408822428.002036,390614429.145588,263746089.24838,251554449.099549,194515311.594074,201385058.369004,134406344.559155,130617737.113906,93479929.3266674,98775117.6443923,439521394.312944,421632823.009907,772977920.266971,744659894.336463,68744067.0892511,64666395.8474428,206394120.172393,204413908.141221,238895840.803561,249012692.289411,108375976.735391,109469730.239054,132019052.304493,132771500.710499,96433389.6847506,93697099.2046763,186608462.076363,169688442.342864,416849546.251005,397758293.342421,368307074.155256,372118497.793471,155477873.108632,146037152.802594,128702012.02951,134957942.76368,109608568.386217,105423948.380718,129466269.36049,129179930.02118,198058643.718139,205114808.920509,207333832.040067,208500266.315987,148549.84080424,831341.969196977,178083197.990635,184854480.313562,190634102.946753,192696413.028533,189137461.825981,193562782.391084,195982163.19625,200165720.632407,194739345.263667
(S)-2-methylbutanal,8102171117.15896,4991270848.62472,4793592796.20999,4896495535.10264,351944593.44018,6615833472.37857,4680603393.91794,4991464345.92854,4869536784.45954,1378570761.83903,6382083247.7909,4977854890.37458,4991220671.75695,4924746115.03396,4795752977.03849,4928004927.53683,4753909983.32792,5811549662.38233,5088702147.81638,4939515942.13666,4852075624.15055,5107010085.6403,5030025817.07293,4920894641.18919,5143057318.3618,5220256947.45201,4035703573.77771,4971636621.55372,5041021134.49513,4774237606.54187,5068297625.02719,5097857657.06402,4931009729.45165,4843658438.52789,5120714662.24494,5089108403.93348,4464159990.39075,1397168561.19925,4896148136.41238,4839337218.10064,4774299834.38539,4942733166.10022,4895451633.61026,4943710746.02083,3337903999.10873,1469192703.3243,999412901.405158,4898152124.75777,4900630448.4278,5177633428.52876,994892587.944484,5092139447.51499,4386385348.35928,5157622479.49314,4942123526.18518,4805746911.38579,1359668314.25639,1099519471.63961,4550988617.16915,375415345.826525,4782924273.63921,4882931288.99071,4818091378.88817,4785792162.48904,4618969034.2803,4863753512.02054,7202834082.8455,4925665573.755,4932341462.5259,739736648.572944,5130895894.73443,1196284241.54779,4954615995.33276,4828033816.53001,6723530454.31318,5071737604.33198,5053186298.29067,4892781884.03375,5016960687.76781,5033232049.38244,4942412291.65608,4846390922.02533,2430777100.67534,4952657630.14208,764262714.361271,4843823807.57336,1536826458.76343,5056221872.54205,5084108252.92723,5157704429.10482,4927383375.96496,4799922591.60026,4937999382.17999,2127994377.5353,1449365929.87981,4952830546.30055,5009183989.13781,3971208894.93969,5003807320.51422
p-Cresylsulfate,186754601.138049,194975889.815486,510276452.937454,525768380.806555,5720791.48380543,5710542.31342056,35659073.2299704,34556150.226463,155809552.440942,180300777.762483,76346119.1968432,75390651.1659962,23892191.5356733,22960677.0136886,212447345.477694,225671827.402052,59691150.92987,61344438.4728816,7320541.29223404,7728573.42911787,1775377.65794109,1827575.59286478,45028925.2581001,43820186.6884839,262885389.073227,274902589.527686,90152214.6633417,93463036.134334,321692397.642907,311053155.01006,7457348.81907678,7151688.56738277,99847661.3802287,102283054.886127,289071598.025518,295787260.324288,251200998.607636,252463544.839946,9751084.54418032,8133481.95701399,311376117.600614,309633726.602697,154112953.450958,136357865.984464,724094050.236256,726974820.768163,858370737.21802,725756464.160417,214586800.153169,234199235.23028,83412807.8828724,75263191.840654,88311822.50857,93709428.4609054,74498452.9219565,73332365.5203752,3446712645.83608,3153654284.83512,13336738.954441,13077161.4948355,789642468.481446,676503504.833401,285731989.414807,294088179.226148,48126539.5418444,48857404.0181222,388324949.037966,382041952.944265,365779939.327387,347331085.330996,157490626.559619,166484474.846808,121841530.905444,108903275.020619,348357712.770172,358419162.468853,12130273.748063,11547554.704535,373394420.590682,370353062.405358,404534252.064154,429447149.824604,3448038.00233155,3644477.54962365,65909999.517109,63565445.9874841,92410634.889621,92410198.2866675,22122.0513521507,18640.710985196,192459073.323991,225627762.120687,236661675.511709,237388958.082982,234661440.668205,242557352.877435,261984837.133459,254600198.113178,258150222.846127
"2-[[5-(1,3-Benzodioxol-5-ylmethyl)-4-cyclohexyl-4H-1,2,4-triazol-3-yl]thio]-N-(1,1-dimethylethyl)acetamide",156701.360603626,155317.439218379,659745.618303727,450784.380043117,2297136.57693292,2357566.45284432,189408202.44308,194226029.391992,188095.795863425,462951.842852701,170446.510253527,158927.277490251,5037680.4992851,4633871.07874458,344822.337563264,271405.789042282,174918.975969632,3029181.53889408,745051.003098523,295638.954025188,459482.986632311,1631270.91023878,421977.475875826,172617.694380016,128151.04007814,173877.736353742,363997.333845628,540380.157412048,444998.946031584,1589827.39840893,204208.720766904,155997.41434883,203092.587960895,181658.954390705,312360.034754581,279662.923886808,320722.352861206,398667.888831308,533301270.068931,512839465.11025,2243238.75447241,1000389.0615101,213253.064963765,72781.3803033964,20198.8937371465,1230796.9096076,37582.2206968185,32303.2635624777,137331.109635499,159789.955360321,376447.74124574,395959.044885118,1577035.90553768,1497217.85759829,77772.0831492995,114689.181448175,68522.1120812223,183526.864439133,391249.782834979,342233.15012744,57987.3853534949,68401.0806637883,47367.4401587225,54014.9209708039,1432249.51645205,1473607.08176829,3310225.48924145,3315279.02866409,635053.473354161,131596.45564385,139033.926820801,146803.574293589,43235.1298932086,51408.2348128256,54912.2858609675,32747.7237253146,9252545.49365269,7195177.01586535,366431.544068411,641519.372556123,311546.86618548,216493.700283129,179171773.835462,176739643.595956,5428736.60661538,8346060.46390016,538363.774399671,565893.744802007,107835.226450287,10933.020012876,11127805.3668924,12257787.5413493,11936698.2168355,11895142.8672639,11428730.8126168,11657558.1587444,12246818.0058443,139228.615694043,201332.088050339
"2-[[5-(1,3-Benzodioxol-5-ylmethyl)-4-cyclohexyl-4H-1,2,4-triazol-3-yl]thio]-N-(1,1-dimethylethyl)acetamide",26456.1548010372,154470.827653464,645419.680364834,448560.9189571,2261598.93527913,2314541.64306459,185313356.292356,190036629.671746,188095.795863425,439542.007260841,169011.076986323,158469.486466323,4932730.47916067,4493978.15867445,331446.155964619,270609.63556819,174913.176710053,2856259.08118504,708684.818700135,294616.916673336,455704.636406463,1574593.75400074,401740.058161441,172617.694380016,37727.3414294267,173763.287532847,362346.308984034,529118.393286158,441727.946784561,1519878.67768749,203869.006331704,155997.41434883,197375.860400451,181522.603033367,309660.231689772,279662.923886808,320371.854057594,391323.234389306,533301270.068931,512839465.11025,2155349.20031815,963650.118346173,211684.845481848,72781.3803033964,20198.8937371465,1193357.83602143,35054.814115836,23492.1694633886,25296.0842279581,58368.4503507876,374163.735672248,391961.266342319,1541409.56222723,1463860.05456511,77772.0831492995,21771.1269065752,104724.818101165,99028.8575849078,383507.581030894,337141.445569814,80841.0774155225,34071.6995298972,47367.4401587225,54014.9209708039,1388318.04343858,1405261.97385136,3273963.28970224,3273339.01174338,621266.715391238,31171.2238838686,139033.926820801,145441.279116064,39485.0101668013,51948.2258900856,54912.2858609675,32747.7237253146,8806810.41910312,6958522.62938176,360639.736864325,608098.533330802,307256.490167605,213407.910680739,174509728.366978,172487300.61598,5288451.61063669,7916263.79061111,524376.614542223,552020.850624586,107835.226450287,17525.8360196222,10851473.3834129,11888827.0221303,11611328.3011005,11540603.2274992,11096955.6652338,11271234.9742377,11813797.5978245,131955.955073644,201332.088050339
Taurochenodeoxycholic acid,16102653.0208764,16265557.3534866,2168151.87554193,2329952.26019773,52538295.2617594,22115773.8408519,37597402.6497101,15158967.9745843,701211.80707852,1246911.94424956,300314.301595969,173160.536455269,842450.391576546,501177.901940415,3997906.05041909,2660282.38246102,6100129.19794976,2998988.48836238,10239489.0130134,12456770.8928828,12907298.1376128,23157917.5658218,862101.374256605,612834.324752772,906178.267923646,1032382.58011739,9602800.65840512,9142970.2965954,4311916.08252115,3858768.30973254,10066490.669873,10454766.3326279,2209492.56602883,2246437.71990248,47782164.5281794,53183412.4752656,360345.010894212,381575.744492467,150557929.663367,66706516.4286887,1693047.4809788,2139808.95547995,2323669.30896227,2493963.06721465,291632.745842962,396984.449978721,5907303.13467761,5804186.40168052,2180286.35041218,2096931.09864412,4017709.42054455,3882475.41779311,23963635.6292771,21921214.6731219,25721114.2325045,44322194.8859287,4157343.7916953,6769169.61529837,9539632.67114914,8998738.91074716,873697.656620052,958548.146652368,496320.116419375,527453.93734592,62667888.8445787,23586634.9960737,1312998.50351134,1418404.77105631,1955923.51837511,3721941.65944927,136303.681250381,147354.204298104,185262.369320955,119777.212675898,287788.497678932,170109.688376914,1319575.66996726,675744.422384375,17339564.6938614,10479799.1929771,7631152.33444753,3170130.18180894,60795447.1656601,55155756.9602689,3377659.83967859,3863572.93431752,1864294.90323537,1873883.42777081,125266.788096811,149364.314537057,4373215.5835766,4460279.27657122,3968999.03204439,8599196.90016336,8389730.0706454,7638668.27569117,7224968.68092262,8511130.52990153,8219213.93531281
Sulfamethoxazole.HMDB0015150,19150.8006069476,20662.6013232612,18012.418090701,18784.7099400092,20545.6652841658,19493.9016528321,19520.745645534,18240.6783661893,23134.6424395141,24319.0990440856,18846.8518106285,18824.0082218751,18423.3366994646,18095.5073875384,20576.7376146709,22502.5890140614,21190.9061659325,21993.2961589909,21824.6539097493,22318.2490119264,19054.6986576073,20762.2392723124,20367.6672935442,21417.5038008469,21581.0313287825,21286.0397641862,18936.7866015446,20624.1474308437,20684.05484986,20424.4388771356,19182.9754766634,18322.8306375539,19495.5772020889,18381.7096961138,18426.337648811,18849.1519281303,19559.3037018194,18248.502344664,21083.1875814424,18708.7642441552,18806.5207790316,22277.0136575453,20025.5078917015,18109.7167813766,17833.9961018316,18218.1779423908,18403.9384510684,17682.170149069,20227.3843716811,18977.0703338785,18891.144926452,18641.7410941717,21390.9607179409,20977.340916545,20830.1434845522,18525.6656129401,20467.2565748453,19419.4942194595,20828.303039368,24404.2159047994,19645.4939192746,17959.4595484302,18042.7439161398,18418.6913664857,20002.0384570967,19897.6711759705,20179.0331610025,19274.9461657412,21298.4893717358,22148.1523498342,20526.1666765869,22917.5500080324,22688.3138615093,21108.2016476575,19925.0728729536,18657.0140121766,20588.6518616065,22002.5906840075,19672.6011277061,19644.2758253252,18210.1292948261,18068.2447218464,17770.8274349538,19570.0395786139,24391.8319296206,24796.2726551141,18905.3302869711,22208.7051215648,20094.3779342631,13969.345196936,3820583.39092891,3824485.3534221,3987553.74996715,4190621.73326166,4401281.99772318,4643986.33812443,4668081.48978589,4807997.26197683,4679437.92924467
Cycloheximide,19455.4520726396,18667.2773900012,21608.4423746638,18844.0258258864,16468.9452000358,16437.9322715973,15339.6332515529,14834.2647435582,53955.5410814313,91635.0055051122,15436.1966328773,16437.158977882,18285.7915641797,18933.6995307215,19538.2183090207,20348.820961854,36303.0182791101,29572.4966839591,16115.6681553434,16050.6987784545,18231.6373863715,25905.3817168824,14315.369445516,16558.3931180389,17175.8598899709,19360.6432144574,23826.6738164166,16379.2328856484,18453.1398568711,17150.0603141467,43517.11439152,46819.9540757052,15678.1489306085,14941.9199388289,125355.333224134,143752.734905757,18286.3682921567,18623.5143331285,23990.2234812737,28172.0829551251,178913827.883317,175533162.3594,21155.6479987075,17537.3789117062,20959.4805103899,22134.8154878548,18658.4032756339,20097.2027768685,16230.2700247824,16911.9930575474,20898.1254908208,17940.8969216536,17295.0994854705,15201.2817227116,16242.8390068646,15539.1642888729,43835.3309667158,43499.4893016259,16764.9078413368,15731.9455694006,21825.9626732659,22429.0561731709,15837.237797986,16162.8302481012,28430.3041508922,21952.3364100581,24687.0415060636,26283.8427634751,17386.1065780151,16289.503090828,21158.1085654506,16058.9689652779,17143.2947687839,16736.7444639657,18738.4954963166,17842.675870115,15249.0195882375,15883.050686362,18636.5124925626,20510.0896453623,47504.194766698,66297.7234595925,14112.8063515065,15511.4482262815,75168.5590872535,18737.8338445117,30319.3719277038,28560.2086911035,14411.4083765355,14533.0229275712,4508229.3468498,4266702.20588368,4246974.77036976,4172361.16281269,4284883.99147744,4228977.53810201,4256751.41880894,4240754.60485815,4147538.9050908
Hippuric acid.HMDB0000714,7527763.73267549,7996508.50443485,4845374.47127274,4969233.0449814,3607855.50632586,3468592.83293071,4001054.61060157,3966420.6090827,3610110.62902333,3802962.51046652,14460949.0020797,13441013.6660491,2625632.55301619,2491820.23129928,10539760.5429979,11504956.4657052,7280965.80332375,7507241.37977385,1954370.99569529,2052968.62961023,2759831.51821727,2790544.78793746,23933470.0004679,22976597.6055267,9450808.67979842,9713287.67037612,22948511.1706886,24593155.2746328,2821310.98158469,2713969.06257618,3913735.44050595,4009882.08954257,7548709.18632059,7706944.89285922,4680129.89690487,4833632.06768893,14550489.2882194,14886616.9166364,3557212.77430638,3471280.80645678,3092071.34172565,3191784.04950439,4376723.85559054,4226794.9398725,42031134.7628724,41124870.6695213,19577459.0923375,17593686.352312,5617410.907066,6105417.04799684,3002500.19879957,7495.87834569572,3071301.7391151,3311903.69463059,14870684.4354857,14512732.5953618,301349628.24762,282323677.615378,1064625.62261384,1039445.70575538,10203679.215838,9152212.72306268,5398709.97160111,5289258.38272926,14030378.6002049,14608336.1402916,8357891.98298692,8554375.8397997,23572798.4199564,22571592.2482262,6089860.0781125,6293349.05756016,10735261.2737422,9824428.68577612,38119280.8545308,43287249.5935649,2110595.83857704,1978683.87144585,2866594.94285465,2938091.00337031,25853351.7081442,26022223.725352,5308514.11586136,4976256.55721946,6443834.0018616,6486180.5185904,12494222.9575869,12171852.8989826,16456.9892553906,10023.5830333975,13928911.5697353,15337988.8071844,15323016.2402473,15480287.5909734,15320388.5218742,15848113.8965021,16439593.2004874,16338840.5962445,17019872.8986759
(S)-2-methylbutanal,3478404064.5398,752051998.260916,391375524.705758,1452747112.90834,4688097924.14948,457624194.921268,1266851625.51643,1169032461.47236,1153190041.07176,1162280819.37018,800195703.264433,1502751592.17426,1567059551.87155,2845561450.19446,241991009.082337,2880573838.21008,1033364801.42757,2816294263.22474,1265106730.26598,673419629.498232,334167431.564265,1911486359.85812,1907202683.99349,3258197294.67688,3663270982.76715,716439551.012445,1547930502.74918,1926304812.49717,1241032039.40179,1853514357.02783,4347809964.85861,4163769000.59113,886045941.035782,890344532.999659,1257284820.30104,1699053517.54772,737257681.971902,1201607155.77749,3339824642.76892,2945948503.15932,2912559987.24701,742098671.634755,793360057.909779,2170883601.83789,3976823079.65396,1802553705.56288,1598150556.19239,1570494846.962,1022126610.68565,945707020.853941,919242750.144147,1059835081.09133,2151597646.30622,465743243.846065,3519628179.70356,951644675.092853,1849818863.66776,294983156.608503,2737330657.20379,1668076201.28405,2890417930.51685,3032291279.76621,2447006560.56398,2067669734.12307,719416865.479774,692285431.016842,2142721818.945,725104329.40173,2647402743.71627,1224804486.5646,3802853148.32233,1513095841.93491,4203397381.77118,2529828570.89205,2122330012.28021,724806632.822535,1914628769.27806,2850108329.88238,3283497972.89211,3295945709.6899,3550698055.61523,1505045533.56574,2692493405.3198,1481703667.02359,1430042763.43339,346845831.317798,4432436012.15688,4393863650.61825,2743835381.50057,165189497.819448,4928547084.50915,2628353810.63715,3775581355.25501,2618736734.49741,1792985337.98271,918494411.620251,179060125.852714,3088261462.34983,1647117968.54302
(S)-2-methylbutanal,1245208837.14462,3735078753.0176,320302702.019026,569610778.429347,4144047867.92558,764537672.494971,2588447783.6207,565451052.784968,2505218726.88803,418555347.491557,1003257662.95827,4526722594.46371,320718604.867557,3438311545.31971,670769122.158784,1580649412.29871,689793488.722437,550722369.595643,1696321181.79096,2818262611.90131,921864890.220444,564282137.10167,3036243338.38662,4333400928.57218,1797756362.07386,529157991.861633,1437807548.37701,450750651.993753,687347928.791643,3098319281.53523,2019147120.80248,523359560.560968,2199749268.59192,592984295.210912,1238850625.22701,529542676.44485,1494517182.988,362699166.017695,2971472202.08821,3434478780.14176,2798084250.08055,2328921482.54343,548535748.116284,2511314809.25014,208893902.694256,473265701.236897,1518438562.77595,641537673.495924,1703236401.5558,894253127.555329,999713283.374063,2685523162.98715,1924604007.72454,574593214.289585,2768750478.38319,638285565.633409,1267719291.73103,1665272416.10901,909179134.723428,1360413529.64823,605926644.942812,1448793800.42167,1551015919.75891,1396050158.01064,521495820.258444,2168083217.79403,569452720.221439,1789215069.81251,2557806627.70208,2764755963.31726,2520210111.84835,534061034.084287,1338829957.27793,1710388044.94146,3873494708.77994,4812481211.36222,1736676945.12788,587477302.852869,722761511.033764,427332235.638106,2446210275.56882,2270747068.32176,4625810652.23778,557230892.852682,3689797748.44144,3463870980.60365,3711819797.60936,1419520323.87725,2933901316.32639,4395669521.9375,2219938804.22287,1488644807.88544,1087399002.60693,409167752.204831,2155235844.7796,595719158.349368,527784812.059937,2320156883.6616,749916787.692897
Corchorusoside E,156701.360603626,155317.439218379,71386.3848139341,64794.992326619,2297136.57693292,26173.3449413608,107093.042189447,127501.359668941,188095.795863425,30407.8375999728,170446.510253527,30595.4761893466,193281.483678986,31837.9228961738,31314.2164402522,50872.2260590898,29635.3113628905,204817.451128782,34220.7508594098,28198.5328976374,84656.5904805286,148789.886099166,21249.6708249243,172617.694380016,128151.04007814,24027.3024765636,59932.1355124295,68192.8549225755,94386.553416525,171574.329843344,25630.7656776263,33765.6180630543,42440.9122484934,25588.3399589649,42652.350397327,41449.8660179411,106405.247582466,95670.3169816983,533301270.068931,512839465.11025,62375.9423117959,54458.6997893365,19201.0058508639,72781.3803033964,20198.8937371465,48428.7138962536,37582.2206968185,32303.2635624777,137331.109635499,159789.955360321,80849.3395585479,108886.276515653,70935.1526410328,77196.4526246998,77772.0831492995,114689.181448175,68522.1120812223,183526.864439133,35369.1959133142,24025.6910282167,57987.3853534949,68401.0806637883,47367.4401587225,54014.9209708039,167259.592554229,180917.731037643,76174.3712955113,60287.1510541528,36545.5504766621,131596.45564385,139033.926820801,146803.574293589,43235.1298932086,51408.2348128256,54912.2858609675,32747.7237253146,74003.8682881832,40383.6531107803,84209.2367673567,84552.6164987017,35214.2929973084,33138.9415535727,121231.639235423,122629.509196336,237145.189443948,99789.5874197894,22097.4675311998,26853.4456151325,107835.226450287,157734.469132208,161802.431191038,140038.039069447,143026.814429772,139555.440766572,67287.7470038448,170693.524308961,52907.4030727048,183571.237905878,201332.088050339
L-Carnitine.HMDB0000062,621910301.01671,617005294.005165,497584068.48612,454966279.978945,452458292.568616,447680826.912689,280133483.796566,277249006.718458,219981584.780376,232119055.505819,518063405.422925,524811989.890109,401705113.802861,398854258.602745,522503314.777968,492675311.266381,622980425.404516,645151763.270711,588459656.227043,570067002.768015,427351039.436577,467723869.488709,550239474.769306,520808421.291916,542599282.272302,600518273.171532,648458282.072757,636116862.53497,640482765.012784,614842153.9993,505197821.829064,497691877.470529,543189154.471665,553584793.831634,571690403.849612,569434914.773734,552320430.333092,553827582.015527,281538987.264877,276457789.25463,589749534.051391,584568597.637466,420372239.306726,420966995.954648,652958598.398685,635326887.309465,720792347.144074,655952619.80022,538066823.171545,534348436.122056,230619218.415711,227397784.872675,589781490.174514,625771739.294061,908126449.555703,950874508.650038,860722200.210653,854771145.471846,846938898.25622,831637703.492599,533384446.581602,517335164.065329,505926232.162033,504017644.624779,543844629.810984,539610411.632089,177607979.239954,183904027.264044,508282921.391518,505075803.406761,583490657.29139,540440856.791272,512112129.896398,517493593.212675,530157233.736884,563587448.569051,570382277.500277,553834968.996724,689922119.432737,694994703.123513,458462493.130017,450492795.532745,306639308.18104,312843075.167438,491394308.181454,492466685.4839,618673239.891194,611949608.801346,106176.698509606,77931.1937303788,503014593.521738,503038878.19436,519226873.010644,520480060.458029,519873451.854437,511520359.773891,515380421.061076,536991693.040276,515361387.785715
(S)-2-methylbutanal,2277918617.68656,491048050.219196,282144011.493289,477888010.319275,544367364.30949,1517049340.6482,503883211.74802,647413192.720784,2505218726.88803,502506542.327786,1620524967.90962,1974567845.09809,405690111.848171,496926150.418623,1782900276.86869,1468459500.42686,509609116.810226,851507033.044538,531527954.794461,2818262611.90131,2258878796.93937,513143109.614807,617005763.774084,4333400928.57218,1375710156.74015,481882450.436553,492568591.176107,548913623.493069,507473072.015941,518708779.572206,499970984.82111,503252298.243504,2199749268.59192,540387897.526932,1099137257.094,460248082.989946,857325920.532617,295747067.086919,520036771.718836,3992102150.64764,4304824592.96293,423246511.171506,527906475.919822,534119182.902435,431342062.454438,1469192703.3243,819094981.685977,540530110.067421,503829790.386953,480872244.59432,350452303.47651,489169611.658481,768653146.011783,511623649.345406,2146786746.18822,579228250.955895,1054689974.68586,813022075.955975,349777965.657169,2686742453.88927,508809935.563702,586265301.771409,559107947.27697,1396050158.01064,484003722.926716,533997611.051072,815326558.011097,531858090.639275,2256092749.6742,477078413.494406,476515336.229421,447856421.915052,453952045.912017,549179931.358326,355588605.615837,445035552.966104,2661679573.68499,496539075.1522,493337807.80736,2542705567.80751,1193576967.1958,2270747068.32176,2430777100.67534,527599070.822032,474513166.987072,488477266.756784,1536826458.76343,519433248.10076,592109218.653682,1699648731.59678,279212939.40622,1164643662.10405,1800714195.19861,465327455.856204,1169901974.12658,528772729.567865,2181258362.67272,3971208894.93969,1005169063.35531
2-Octenoylcarnitine.HMDB0013324,3384319.20111653,3471173.60565221,43108769.1968536,45424286.0365513,59485123.2419361,59080956.1417733,30678062.6918607,30240503.3547785,14769597.1367595,15368149.9959531,18095206.5420485,18300247.403656,17772001.6195842,16537471.6484316,28435491.6615529,27588211.2855449,55421793.3714576,59228149.360861,28578071.4792336,29046863.0972625,20896943.9444314,21601911.2439529,43560783.1754057,41836546.996571,27668393.909179,30411558.7933531,53112596.0158743,53790221.3708869,115330800.290256,110077548.479444,49312356.4671789,50153870.0995159,30473155.5560934,30661634.2659488,38722849.4782573,38678033.3559884,23083016.8929927,22552672.2963963,24274342.3503219,22327934.6485637,20070745.8148329,20464383.0789169,40487811.5836845,38140615.7307321,1447314.95067684,1461472.144233,7393964.53330372,7139825.65490347,28289734.3806234,29250799.9615296,12505687.6967624,12014496.2410506,23764037.8593325,24389943.8032401,77576440.359627,77585090.5511678,67425147.9975384,66032599.9622837,37557471.4635572,36351344.5764617,30577244.8018581,30582371.5533605,12064054.4729754,11977478.6851969,11803144.6231389,12579295.3244857,11276808.6832167,11540809.2063348,24706497.9824108,23670996.6674175,51448140.459437,48596683.8896224,38442472.8769689,37724759.625211,20627016.3613483,21930764.5626712,47107833.79234,45282177.9831658,47573237.3557232,48108234.1216726,8830054.78299602,8743684.75507458,22062041.7332429,22880772.1557428,70939508.0579061,72265807.9877081,55011820.7622364,57411602.0363958,50595.0538910328,28307.029452549,117625692.522618,116970068.221268,119164138.450132,117429011.901371,119638264.017241,122771098.546665,122781458.647554,121474282.703269,119837882.828149
N-Acetyl-L-alanine.HMDB0000766,4455079.93281286,5053799.38052251,3303552.49582653,3063305.70016362,4128671.74264742,4041383.15916114,8080716.17510252,8110861.96076933,3715842.99490987,3651000.34479283,2425344.84058794,2294839.90435763,5174900.43726886,5200702.77546358,2985933.31451641,2880728.91406252,3127323.05263949,3287953.92332495,3545175.218916,3294299.54647338,2962143.32791863,2756403.68767314,2860937.68556469,3016181.41196746,2126602.35341613,2327510.10997423,3845952.17381347,3735927.01007995,3157208.1697498,2906345.90995268,2508632.20057027,2699182.94929319,2770842.31779374,2825741.38239989,3395472.94985398,3412264.69429045,3649177.861559,3827378.23745963,10037014.1572373,10653966.1219011,2151316.53371269,1958700.58010569,3290911.18987477,3054694.88874408,2640151.45503434,2732828.69093549,2955517.81185749,2795979.33601897,3076074.09380053,3381650.18107468,3403894.16304958,3080373.95262034,2778526.20666253,2739262.20171428,6084649.92681393,6603474.81254916,7865579.05545924,6901971.09504256,4486053.67220175,4144146.24959735,2859896.78661331,2440901.80348484,2458966.30228769,2517233.41669506,3658331.64523522,3934011.04601922,4079842.34782343,4273512.20928903,4075712.06405591,3985010.98303179,2396382.05407365,2375102.19957263,3319891.72599286,3467894.58124322,3440710.92011063,3366215.75723977,7170061.93788019,6937656.03610806,3506709.46945001,3507807.09987168,2874995.19479215,2991383.51449385,6102557.17752981,5509064.16527577,7682196.02423187,7464804.21882502,3321833.06514359,3113570.65993739,42986.9302334111,77029.7364352108,2698067.39046811,3034942.29616377,3000436.84535649,2952756.25743724,2953146.41150226,2731660.07943253,2998733.03694274,3043272.23303167,2925895.46147089
Heptanoylcarnitine.HMDB0013238,262159.619465133,689301.003673062,447413.267951168,530618.376240618,389795.174912671,379731.079329692,310614.971579981,331386.338494428,863816.97515214,266691.91394386,233514.584584069,217873.653944846,428680.69653265,430195.231216253,169425.974135287,230611.470092891,199538.373280007,101959.681786261,489362.054236807,230180.742533317,136823.435651151,153601.157623666,91914.4018150917,247419.33042572,293712.036287434,541411.775962702,262637.832830817,339384.998624233,131574.512684497,191235.871653907,156994.194033411,141292.054297056,241412.671723261,179757.09018527,174284.14873917,213697.771585634,132102.231601301,201349.260136415,339679.504324046,258037.211105116,413255.760376143,344308.503156473,242927.656670787,295902.437350417,135563.904170252,195259.58234506,298584.937096165,599383.144663119,230065.556326476,165757.663921061,308648.768077447,176663.952798859,213508.286814204,84953.4148968123,2100720.104269,283751.836335035,370797.96298875,334048.649466899,234075.887643526,60582.9286750457,195151.421691605,170630.485842072,307653.638334021,385245.489708433,227118.059981984,194133.907935966,479037.637576329,377007.087022674,846568.427424098,275992.768488336,280251.73920151,198884.388413732,240690.373518366,225686.234352139,93420.7486682051,182949.619826281,309779.037728549,327227.805241309,253418.445063844,328671.960649235,225961.055998695,213243.64848122,450858.428500652,449377.317773753,310842.661244282,400193.671769214,239357.82944144,195854.648747537,265493.616473682,151838.226436022,104816294.963487,99883838.531414,98422006.8297592,99006536.6456697,101423203.034958,104410524.715899,101638642.777369,107700815.233059,100849317.248818
Isovalerylcarnitine.HMDB0000688,2274689.89509985,2219589.93813234,4049348.45321291,4062185.63102528,2900207.07595696,2930295.86617583,2709583.29991167,2392818.58342633,2302054.82331324,2472712.37190661,7929407.70796389,9928870.61555385,2293583.53956816,2286449.79669272,2380411.94605206,2234779.69184917,3555448.7574548,6728257.58493953,5197678.45527404,2375710.43086113,3100541.80447872,3350229.84227127,5519685.28835677,2085883.88099898,2163721.51779131,7789454.82697951,2774687.22136166,3263050.1294109,6062309.93870013,2632435.21192484,2152049.40497167,2265572.26490251,5243785.0552629,2700615.23446703,2117663.34075538,1971171.84094524,7693904.37422464,3007790.40795754,2941004.30978019,2637875.73614238,5278733.42067303,3699610.29786537,2202982.1793538,2054463.94240109,1782843.72669168,3272688.73862313,3395150.13252968,3052565.22643213,1813694.70574833,1569942.13383938,1386092.82664603,1303885.97585653,1462612.86116148,1840956.56593377,22466678.2902237,22692244.8404784,9823670.34984149,8897289.89794906,2659452.87611952,5448760.44513401,5254894.5425424,4912099.50253528,3106403.08826362,3076614.02554932,3690531.50416668,3251343.08961797,3906875.89447509,3657004.59757061,5048714.97524785,2994933.80095307,3441131.75206997,4871579.89423782,13423306.9015904,13296995.7843944,5870470.05367193,7844265.58684496,6505249.15135028,7263507.2035583,3357899.87695823,3396095.40420002,3429483.49335251,3575354.01136387,7030654.1366969,7710959.00024288,7165616.26824064,8064904.6604543,6239325.24114101,9322843.56891966,485377.835826398,96679.3000219764,82352474.2905977,80747641.0808934,83801562.1892375,83685515.5475979,82767623.9720176,83823124.7705359,80928250.9705515,81647004.4707187,82205930.7662801
,963138690.626077,2772903554.06021,1683268230.67129,854928843.275249,1187185697.22641,810950508.421803,1294957117.52165,701742567.803434,763847751.528708,745917881.135419,5214014394.20919,3156628818.36844,4498631547.24709,632527612.552755,1090749720.07342,989231364.525971,691756267.385198,3600442916.23697,632627695.503617,930941080.751133,568062764.242093,812854886.577929,3392179746.944,634893755.515374,2520286576.62395,820455633.370702,1368262375.78496,924781878.108563,1117662857.74598,2046300820.795,691107851.863219,1031065906.57772,1983211238.35682,530603905.673678,763897121.452225,872202826.905178,1082971065.18433,1005735508.17718,862443732.883664,352859424.521481,733636160.140078,653626443.860151,718780897.094204,635433462.636827,892715651.8173,1749161458.95195,4500682226.46048,567832212.589115,3992091272.06678,953463676.140567,902151530.134265,742193630.489934,706913155.753479,769076948.838573,800743043.588037,729677482.98736,1021399805.25784,1076597184.94572,1101070554.85467,785374659.075938,800846496.319802,588135459.996877,580143100.272152,796457302.148386,1344259763.85403,674055306.095122,967905089.247435,1139437727.49235,935251627.411538,2943521642.38932,736475269.126364,718644247.921484,942416299.023763,627283387.158341,1273800704.13615,1000493956.57838,754594946.216099,4420679800.68469,844944376.433119,942666636.350288,649079070.054377,569917348.817177,883796398.744502,870223546.486576,3488818534.80991,4582369896.63437,2644129914.96581,804111689.165975,629646502.762862,3804486776.3852,611006380.669648,571279103.337351,710292182.037935,962577255.491014,1024407972.28579,834036116.394637,779724312.906114,1004906980.42089,927188951.074756
Octanoylcarnitine.HMDB0000791,9670642.29216334,9575608.13024265,21957950.0701019,22673123.1341153,15337029.4443691,14748130.9223407,5892766.09755189,5780936.69295716,3481650.37925734,3678175.67832415,4691238.92028183,4866790.92237035,14922498.0488841,14023800.4682113,4123397.8658347,4252200.73164333,4061211.96964622,4185929.42854098,2291238.87361406,2542469.95353323,5658352.54593521,6465873.96073744,9510594.71616933,8328194.26501424,12225626.5159799,13884628.6052179,12282055.6981399,12202233.3303507,2930514.10335674,2834769.51751388,2092380.05146919,2137579.66904343,3430538.91269393,3331264.54682864,7047325.07960547,7247035.5747024,6844752.61305312,6671604.4507814,4466437.45481447,3858063.32778341,3417769.95003827,3403005.09040902,3898263.18584524,3889052.28849122,6497000.85155446,6338892.62412694,15850015.4392407,13667429.0316096,3587845.78331562,3748088.37146593,14921372.7907513,14103858.7555137,2889058.10596579,2947373.62102899,6378750.49785465,6238373.27149828,5777740.84347167,5229805.17483984,2231804.40760129,2067919.44345899,7612264.13681666,7649294.12883249,32420754.9585742,30283023.7544895,8692970.76414194,9001057.7419869,6208963.07715832,6363071.57079349,1624729.18165994,1417943.79647083,2363776.52227084,2311733.68726587,32467983.1726111,28622464.4729875,7749937.98993212,8831933.73007579,10334610.3708145,9407042.69751766,8930424.90221198,8839784.96410667,2937726.59299698,2804301.240071,3168442.74402252,3110663.1012313,8655595.91612897,8923990.31391184,8214252.88917451,8083218.89028923,44965.4834706231,21607.9011840418,92558089.2639704,89565579.2816504,91393463.6195072,93204242.0855276,93577166.1076968,96652651.4960383,98796075.7455155,101026770.289996,99161987.9899525
dimethyl itaconate,1518710303.78091,1806651333.1059,1041310844.60755,1135415964.85784,1231030180.29447,2055592036.39345,1532364608.73713,1480742658.97054,1188218995.4532,1760411997.71866,1121121270.40332,1131271155.61654,1275327029.15225,1122683423.87663,1324235405.27937,1498774932.87317,1895680900.99546,1655940446.01407,2204296921.59977,2882561402.22109,1409273559.70202,1511628791.89392,1388129412.3869,1865504711.9686,2473933602.79791,1910738638.90197,1185394898.24527,2090810610.68921,1289344934.62863,974020218.692518,1401033070.93443,1344583208.10743,1994369761.1901,1925196611.74617,1265880805.76314,1238070400.6836,1398298588.17268,907236508.171269,1102259796.25106,908353724.871736,1736717412.96899,2514531151.44592,1566176543.90887,1280522121.0884,1347360216.02629,1259308078.09315,1711326190.67337,1847183536.88784,1027434037.76722,1201968383.83854,1377257770.58051,1457852682.67527,1438895715.42699,1519763852.42802,1266021637.96153,1171925072.37904,1701107081.75608,1288315325.85409,1614889051.21972,2756652802.25027,1793683947.2123,2062407712.33581,1135959409.95591,1468229329.85358,1225075039.99298,933600059.579986,1200409577.45009,1117412034.36119,1628108671.98647,1977862348.54287,1894980854.55787,2355373655.477,2141826239.04562,2111144489.54513,945622088.974028,882980693.165498,1768967638.20995,1731570571.56296,1044360946.24107,1119951241.56925,1815862624.11725,1644178513.8634,999369204.037777,1336467936.67453,1701461279.31293,1879111683.50247,1264542265.8139,2113190555.93816,1919755746.10925,540037842.594082,1582305202.7245,1517816264.6488,1592621992.22612,1540517124.85514,1596178393.29378,1615319491.66091,1601078267.00315,1638099105.77828,1540839165.85382
L-Acetylcarnitine.HMDB0000201,337104896.500084,345998748.561633,836696570.207004,822842726.326502,365356037.161202,353829904.559509,291448488.102803,275973064.558683,502146100.183381,540882520.619516,245893462.362397,250262088.949081,910699296.860905,932321179.577241,152323003.782216,146819131.33128,219183529.120149,225705952.222678,191250088.40643,193520623.196567,128738806.264813,137433978.303148,254787414.162823,248311747.389848,299864156.786038,316734524.629963,300496592.267421,295080226.179867,279646761.907257,266906321.668697,139685088.49885,140190887.294874,132961671.711839,132276156.989117,551476490.578077,547956918.056329,524203484.880591,517461167.689437,165294426.406283,160261359.921636,292241059.977499,280902841.999587,295032507.266337,274036252.385637,122646081.804965,119055063.382932,560205456.030683,514083532.052739,182256304.366949,179477659.944448,481575251.017336,459616805.724573,158251205.081875,162844290.470888,778273925.288824,794623961.25292,346805470.001385,330204991.420335,295456481.866391,288633656.314605,172445433.515635,167998856.487962,243944665.811136,237806745.234284,309631272.966311,311072052.074294,739588917.538029,751881113.074445,197769401.641411,199083821.261982,168240506.933727,158789170.256219,369699487.56142,357311823.291133,151682263.197415,163965644.292649,660671260.428588,650497936.998177,406258460.914195,409082316.197794,145993391.184895,140331975.268146,189019361.013825,185672779.682347,461329482.657617,444171333.296226,274491399.558852,273245822.326319,20456.7510148523,13964.6491698528,321525902.025965,321282745.914135,326136921.475146,329675196.327251,323352872.166676,331180488.980864,329566812.742073,344580358.04182,327634065.253918
,74453.2327288069,78707.4476648715,1126508.61613509,1257235.79262368,87644.109141095,69510.6779455612,222134.294432947,159362.320476982,595192.7131,610711.252482446,100104.767198656,57720.178818423,407486.150410856,403904.699645523,1870205.87135135,1738913.9192858,2886523.51776969,268324.07747396,5107681.70431648,6209402.65936023,136091.715146069,82285.7833160409,194486.191584263,173349.806963329,384513.00808406,493018.270138782,4783750.83089258,4557059.0094675,2515463.07518267,2252266.75058153,5020214.29988138,5202086.67429753,529761.865527309,521031.531879986,106075.296546122,93445.1709809427,119298.762655461,168279.192139961,448344.487956105,66121089.909286,1020116.71789547,844876.285316338,56934.814689014,2395627.78960337,97210.9152809873,106442.105029591,3727818.2299653,1532787.53127119,177789.847566793,1028660.60307351,109940.450455717,188295.97333324,108078.093027918,106203.316211907,72692.9058415958,54863.8945613168,57543.1075615393,2923975.29685334,4754906.10500499,4483779.22450569,245477.384427584,342907.351529092,403463.854398301,97004.4600673962,101783.881517605,65940.2295260661,227039.442494051,219731.733125088,755334.469414625,826910.86662812,35334.9036719156,34868.0099201673,41316.2456283559,39925.7375586328,101640.92166844,39921.2922587641,645751.156702362,581733.723917879,8020561.59589915,9082836.39981174,382440.88270255,273306.571767778,87137.2602381653,197956.870592324,1671648.3098762,1917657.95017511,832276.79510681,896504.606061255,28181.5848141959,36620.6934260648,208777.884959661,209825.260021527,181740.533174209,223824.258260873,210869.039877118,228447.361464509,227804.249384462,255594.321260975,4092808.80222647
,74453.2327288069,78707.4476648715,514032.094952848,1257235.79262368,87644.109141095,69510.6779455612,222134.294432947,159362.320476982,595192.7131,610711.252482446,100104.767198656,57720.178818423,407486.150410856,403904.699645523,1870205.87135135,1738913.9192858,310151.716119535,268324.07747396,5107681.70431648,6209402.65936023,136091.715146069,82285.7833160409,194486.191584263,173349.806963329,384513.00808406,493018.270138782,4783750.83089258,4557059.0094675,2515463.07518267,2252266.75058153,5020214.29988138,5202086.67429753,529761.865527309,521031.531879986,106075.296546122,93445.1709809427,119298.762655461,45017.3602125461,75054792.5877056,66121089.909286,323341.580040869,269459.639814468,56934.814689014,2395627.78960337,97210.9152809873,106442.105029591,3727818.2299653,1532787.53127119,177789.847566793,1028660.60307351,109940.450455717,188295.97333324,108078.093027918,106203.316211907,72692.9058415958,54863.8945613168,57543.1075615393,2923975.29685334,4754906.10500499,4483779.22450569,245477.384427584,342907.351529092,403463.854398301,97004.4600673962,101783.881517605,65940.2295260661,227039.442494051,219731.733125088,755334.469414625,1433244.38339019,38890.4309139228,40172.2384690398,66260.0993708356,39925.7375586328,84506.6543420525,54868.4703191224,645751.156702362,581733.723917879,8020561.59589915,9082836.39981174,382440.88270255,273306.571767778,87137.2602381653,197956.870592324,1671648.3098762,1917657.95017511,832276.79510681,896504.606061255,32921.6060517199,40447.3299304481,208777.884959661,209825.260021527,181740.533174209,223824.258260873,210869.039877118,228447.361464509,227804.249384462,255594.321260975,125757.973814003
Trigonelline(TRIG).HMDB0000875,814441.251525866,32531.691753283,286766.119791849,78621.1215940947,99008.9316699553,109326.09803877,187789.304818171,209201.922149858,161310.474196125,225192.476681076,686249.943054012,704569.737838547,433585.53230328,396713.122599064,587759.804673355,561528.732477584,1265423.38296566,1460997.08525231,1654497.01150602,1675149.17104055,1515753.41649875,1651415.2296727,829056.141730499,725198.216495172,470156.060293552,532419.023367017,46439.2848395918,668804.33703647,96952.4163491785,124756.602768897,1725456.01812069,1746435.06842627,667969.430014189,572585.914674988,261171.02139091,224758.565625416,236837.11549734,180015.920530611,29880.0582149034,394256.537546732,350455.350646653,314659.877121633,787558.012399713,759682.232951184,12687463.3424571,11931402.2398332,46157622.8848089,41118709.336053,805084.36415167,48928.3480136811,40599.9730549143,438301.644204188,175957.50272471,143790.010710974,27552229.5209653,27656180.6871253,76615904.472345,71958377.5566637,111710.311318478,112532.169034323,729594.000153346,724338.322052006,2821795.62106434,2581320.33226483,1858275.29273816,1822097.04217885,1192524.37718425,1195330.37984587,1949480.81799141,124361.121121808,1020144.51616411,929575.281235082,37646015.7155196,37922302.7200721,11224915.6763954,11614191.0311622,45763.2254560841,329433.27734038,122980.091511003,93734.2601072645,1474715.15836569,1583540.60897415,124714.842848608,142869.12921971,638904.087854225,30146.1976184623,775598.974776595,791888.812452826,125558.377939098,87358.4946098103,5265615.32932843,5176882.49710254,5278119.84893894,5426056.4493284,5310048.7516601,5285785.08036649,5364108.57142242,5560942.01170207,5417979.58409104
Desmethylmisonidazole,18501.3794275578,17206.4586144526,19093.0613764392,17635.658844691,18233.0769027468,16652.7705751224,18303.9356150253,17535.0941605993,153868774.938316,179731814.7334,16994.6486286137,17034.3595652782,17004.988439552,17446.0019189389,17556.5218206225,16980.6547630596,17297.5738094914,16304.2571552873,16414.3203286691,18751.7229766422,16779.0334180653,17452.0662472029,19081.2404841542,16703.4376536791,18357.1302547934,18253.310158373,18000.3643589239,18215.1131916845,16798.4831476737,16148.2095487746,17096.5408579684,17216.2925556545,17367.8134564569,17615.1517094892,19048.8740058732,16327.8881856237,15983.0401547754,16674.3165170741,15999.2083006097,15358.8225921231,154740702.521117,151046448.785957,17225.1827931921,16906.0426368797,17499.2893739234,17077.3714600548,17320.472003038,17694.2760931165,17142.6035234532,16286.4154538971,17360.060548511,17795.3081431673,17647.5849452438,16735.5100635715,19029.1257366081,18683.937716728,17756.9147124726,18123.5885059158,17690.9764909254,18666.2569361078,16431.7491108601,16504.2330877216,16624.3986580157,16847.3489983088,16667.1153263704,15970.4997175818,17968.6132327997,17079.6895745682,17478.0397244078,17409.9932790136,18711.3261508899,16806.5266777659,19642.8892993388,15914.5374745043,16130.0162746273,16281.9281148094,17179.9276753594,16081.5722747757,18244.6969866991,16852.9679656102,16594.3172954756,15382.7448107149,18122.1613886057,17127.0066659502,18072.1856096549,19003.2783164297,17609.8755035587,17394.278393337,15326.2991375735,17141.2565873104,6537716.84029578,6430214.70906998,6653158.64601933,6966903.05176634,7086395.18454539,7038744.03069859,6888775.39761375,7272525.28074841,7264600.6575737
(9Z)-9-Octadecenamide,502434.407202372,656163.059254139,1270365.54470605,848376.945775429,13617107.6561549,14104898.2429654,477713.806048273,762913.111490146,761654.72685202,667814.92761126,663294.444634083,651837.670290355,622240.422572361,903013.511237928,411988.263763813,715518.812560353,1013649.29336468,838505.709724417,693889.542573767,680709.07051371,970288.572618866,710123.791868332,774480.6538987,675592.825261083,655641.957258234,776219.536981397,466652.402079758,675831.545915502,1354265.44779789,417730.221153424,286161937.929342,8759112.52936943,53755008.472342,51875588.8144936,835719.196872925,689841.637258552,2315102.67417142,2358694.03164181,521415.133152425,703685.741859613,703097.36722684,726659.915493762,658608.018560072,702070.12115694,659792.309663732,806232.958547869,710402.874539453,755924.193305369,502693.920454768,640393.094772162,784244.573808994,804786.714887317,690338.229688798,593028.06439933,1091457.59363268,680274.174651741,1164404.5636799,809060.562193604,650863.544730599,806759.823268271,5317714.47562699,6389291.22700275,787267.842902545,744499.192677637,410328.608207686,760213.283356509,635238.357472795,724502.159757462,583059.240553625,473524.420033579,705703.086423052,835775.446560168,600500.023477915,641181.003723599,399922.60585775,756286.093621823,587495.78190704,732421.73415162,661750.210552597,663641.783914901,3138660.27264358,867704.159020236,630247.329844018,701416.569449799,818320.561743049,766889.47119031,622278.700632964,824174.533365663,953872.774648507,2392974.32673146,2142075.02109129,1954136.57572123,1535279.17679347,1271450.49085834,1342881.60892605,1401329.48693955,1485697.53953506,1180290.73032556,1209516.89312983
Taurocholic acid,1922701.08282906,2109143.568576,850498.909781908,856668.367369116,10395306.1374082,7513884.72621187,18680496.7494423,4005233.66399561,221492.103123358,224958.976381274,198317.454081443,187794.510534875,205662.763234041,209086.087888248,859244.413413886,678104.632455298,833867.846306669,881231.689883469,1936699.52644306,1787229.40449756,6432508.81302452,5384944.53610157,412043.49784371,651312.744046332,493116.52922689,490006.694880948,2712689.35881505,2027877.59850494,4156775.16665886,3863717.27309636,2175024.72179489,3046290.09200343,1009469.17427466,1142143.33689344,19841969.7657376,19779716.8034882,668130.674755036,669028.029103954,125897473.193773,111023808.012013,1353983.70842886,1369095.41276633,1368721.61014429,1316297.11333323,426055.905676239,463275.657687732,1887279.29162578,1952324.2618552,807795.274574518,684025.186544993,777005.026467998,709400.355146263,5193254.07889717,3891074.212687,8438999.07584246,10040723.4098767,2510679.44682279,1391110.71975088,5785926.37159738,4085344.83229636,189842.267750551,262582.842560912,762352.657005227,630383.279424364,7511879.13372357,6770286.9052941,533708.480227748,607166.942826038,1315174.01919504,1300781.97940176,178981.518147698,188078.019458304,219892.959679897,203101.845986907,251865.717643807,196523.826063425,571462.350759887,856971.960481807,3431218.39677047,3666850.90060442,2190357.56075855,2762641.27593722,32561627.4116321,29176187.1948635,1367663.41904066,1417637.64686766,451131.998361623,435250.721839649,171118.792990266,191487.019660827,4063621.32510373,3908763.46159891,3948029.01496154,4107265.76741524,4217551.69622164,3284023.14344639,3235770.43350451,3258816.55803324,3570825.29202838
Tributyl citrate acetate,411401812.278142,448260032.943826,421280851.359504,447304557.150475,331347706.311071,300202871.543383,368462314.455563,299296803.238423,295591481.704131,477195264.81139,475706928.594298,418212906.267598,466166022.305941,333973229.75023,383780731.010356,476678699.668441,303666820.365741,350954812.224669,351468297.488844,474911051.440868,277984082.199039,521338893.707494,468185712.535066,330277153.409947,506558845.622998,510383145.936103,336328547.685722,457590706.699245,414014727.176869,345468521.465242,511939501.079008,479631240.903032,274782001.35405,277957396.835101,487404250.375442,505385902.161399,450158583.493679,360135219.265689,458008555.771909,354257618.473317,365260090.523529,361749057.178062,316177925.231587,289339390.246319,490130796.878217,456171496.273905,476483276.329762,282054981.59794,486072969.053711,479556873.604151,470224242.82744,493912332.853987,639771850.360416,766984008.514459,465629697.758849,342093284.1785,478616777.39658,395424654.299527,387427780.703274,501714214.942787,294378196.686809,265536623.092104,272989268.045926,295751987.324777,388030138.117751,328300769.302063,438268191.362877,437527995.565698,494580952.630441,332099052.669036,493161425.760045,466813504.991421,469807801.163414,290568422.912251,341698470.308559,545411663.765676,674292073.704952,576706343.594591,464317251.512142,469704073.99345,292215213.878092,288675330.785007,447510540.499896,446115339.435054,558599289.112564,510550463.14762,495116560.946096,475516626.093949,267244696.11994,519163343.837954,270225538.799781,286692440.695218,330217076.11626,360419603.917326,412143938.368732,460966453.030352,488524549.998265,458329202.907219,478854339.175714
2-Dodecylbenzenesulfonic acid,50362401.4382059,28905787.5650364,80853411.0486862,42794839.6346366,61951556.9116455,65851792.4521887,59565322.9592878,62664142.1797967,76621105.5015091,30971657.2116843,30520979.5521871,44261039.8820795,26911343.6327524,63612680.6328988,43136945.4943708,27726528.2452111,73441677.4514196,68777226.8352145,38336119.8112945,23268779.9165407,63876653.6713917,27144086.2769218,25005037.5074608,67924649.0399242,23894853.0311771,25091068.7144613,42592999.1619833,29694260.4895577,66794909.3404946,55817897.1741988,26630700.2054731,16111554.1198574,74785515.5470257,74392159.3545332,19317742.3694627,15871719.428126,65066196.6697259,70420687.4465531,30691373.760442,52305065.5258537,86834625.5633106,53810633.4816,65294342.6794364,73156001.8543616,18765952.4430735,26585069.4701339,19363373.0825547,75275344.0560944,55629811.1727526,16497494.0582682,16192711.4667044,24545420.5028347,56103094.4679764,25232730.8681057,31384836.4758433,51638116.7542076,30319392.2920487,49747523.5821818,35985200.5681055,17279646.5521617,72669703.827744,128766137.56144,74884483.9310406,75938466.5997065,57047752.0793608,68987120.8602664,28902876.4710281,43751055.2083631,27401564.5868756,42235871.1062883,25442610.4565275,17182729.114084,19067529.4021614,73240320.3042495,53655356.7514891,18260326.1793862,16780854.2530904,64176778.3335708,40878029.9541132,8187745.32777378,92591992.6688852,74398845.9965128,28036211.2775259,35836833.6248211,17029589.7900711,14056574.2679036,24973180.8456033,35268872.9022117,122144665.984157,7297014.91349451,103819431.321592,74515026.4025474,67008629.1531106,59980455.2316228,56786612.490241,27521306.505259,24942564.0004201,16781684.0389658,17737410.6274338
L-Lactic acid.HMDB0000190,1156896151.65295,1186453153.27978,435533425.419147,423294587.247587,973545602.843328,976853414.069664,439274611.359398,449881681.739251,258686820.889127,266528255.156633,443695368.850447,416894555.018918,229762649.400643,231923500.973402,262960322.359355,269721583.565969,321858122.300382,330413452.684906,526792243.757157,508638426.971082,480336810.821645,433924429.609851,328204635.23196,328001596.858845,686228591.838639,678492716.076157,453205152.791636,460672893.281258,443288986.412235,426068848.389808,393309068.127076,383538239.110026,254739354.864436,253435309.552134,335165596.611629,343050925.591723,313648869.607756,320923553.630722,645054008.692758,630598561.975474,437076233.498134,430391260.579769,257348677.285687,252388751.518645,218595091.456005,229039364.135595,369122449.211298,355715137.163315,479682749.395771,503246225.63406,486918371.905447,466152455.068273,235338699.654615,252743994.689458,518867251.510566,539811321.177253,479666399.345014,444578747.395751,579232121.098673,548837862.312063,466980871.495123,439279668.63192,273580702.686313,288229363.639603,491180659.914841,519801623.822106,242834014.495619,247360908.299547,1634615520.58584,1629615149.79567,226704465.010044,236706502.535886,342361280.94677,349683530.510004,374799537.210675,355753919.616045,723236916.870862,738342941.329261,447097164.761844,491672586.194907,411409576.054543,412696708.163933,446454427.17178,432397910.336244,870232142.499114,876941789.46426,401071253.74355,403154191.589432,17703985.472366,22131662.4621155,461311007.018771,508413998.104243,530081285.157127,487769322.761475,472382735.943836,469556028.331704,509402970.662223,489241848.942478,487450711.534703
,328955193.063266,259472569.108447,264423677.553661,275310798.39357,374010790.078513,237378325.83264,418807785.783232,228408413.587939,232566961.594033,263856946.897966,264519117.80347,329099392.042049,265474136.121768,206686082.216447,357156803.916027,315059224.131328,222289061.442647,207254971.593793,198215423.996494,319856868.683971,166531116.014874,270426259.457343,264772212.439512,190967817.527338,264322801.070366,256429067.768991,451681786.989401,302152036.588299,344271881.800955,394193802.956694,249638542.110702,354648759.354611,171147963.63081,167980506.310903,243702077.999088,297348012.241079,352642354.250934,321970422.032713,286873500.146711,191843617.606104,233937939.787135,200800251.004556,231649762.864537,199369452.964303,303422456.275857,278907301.296023,318998719.641424,166300268.170569,345550570.414411,300872348.7321,288761185.355621,258338023.362795,382837549.290931,261088930.221724,264618993.463923,221246904.433689,324271334.470913,361396327.048539,365825598.020506,257561799.378664,247117156.538921,174605554.261109,163535759.645769,248502909.56261,450857660.353609,211556827.05391,302398684.182438,369733522.335961,296726280.745178,440875547.328668,243972865.748519,251827239.927837,334246539.668068,195078932.647198,434237087.153182,330350768.230249,239864440.291063,217649503.569329,278403669.632219,294429325.040924,186440435.055261,184176847.978282,298068684.732685,281503942.275373,346910301.728602,334861768.430911,236399131.92901,276271076.874292,191968741.261486,295001961.145077,179448971.50921,168020092.565133,229871116.777574,309458850.847193,314135444.035499,267696253.05158,266350188.924023,356449160.270832,314289618.224263
,199005101.201747,178791438.331738,204877830.091975,178440476.665824,203574118.445618,200733733.881589,218817955.964734,215369110.11712,380925247.151263,542223157.712441,174656400.42872,181238951.959237,435517134.144479,198976117.041225,198218082.528838,200919092.993099,208502492.419152,202695185.782131,197261292.890149,195041616.960321,214992659.373194,175728222.992554,238784927.631741,218848367.536779,200966601.30312,204613938.424499,205771092.53514,200448484.04652,204615154.500746,199387446.278303,204249310.029863,192642584.957329,207936959.508421,207119999.735972,525986584.706944,228010617.212204,191451883.743561,254891367.19151,184497558.868384,198218034.055504,203517730.384811,91265701.9243035,173970666.90791,492543741.601483,407965235.875657,191356314.892207,215129948.93829,197563088.135577,174231917.470954,202295699.846053,453306883.343492,228069779.576535,206420609.374701,212508521.175461,176221208.991649,204742273.455865,149290426.950442,509811712.352849,204240321.121173,211318474.029505,199559730.578143,220232857.599722,207383004.95401,202164042.019855,194186908.728617,429542535.06427,185717523.419803,220155288.947989,197002298.830311,211280597.885757,212517278.297439,213077204.684723,162981402.867197,205351064.61406,197077791.117033,202463344.682717,214787675.890072,130506646.145235,310333588.160149,207885179.123751,187407349.140338,193891634.502522,198001144.076756,185006568.653307,208131036.35344,192596236.941586,221778977.750086,181594181.660015,163229680.597552,184773065.521559,197203662.332486,219429758.300273,233651837.13786,212839099.913738,188479935.350846,182845892.454873,205326255.509686,507701547.962572,184996828.655505
Citric acid.HMDB0000094,3933140.53490833,3726553.18849909,4617320.38972964,4206463.39614683,4645259.79648182,4518158.00555639,4201582.85642573,3767796.34580229,2811621.31679764,4931791.01054063,3952347.66542634,819638.708194521,5790502.28201872,5136942.72178031,5043564.80772286,6903617.19625953,13098030.4987686,7687197.28597352,6421284.74400086,9959663.99072095,5917181.33543777,4961215.94694751,4829993.16690551,4938535.50422885,7982513.39347207,3946597.72718499,5976282.72179593,6728302.50214859,4666179.61618611,4660602.22535737,5626546.00680065,5645577.46851293,2863892.73043951,3114390.38522064,5880220.32244364,4397704.68195357,4598598.0677754,6363455.69191723,4959149.77068049,2900260.37050929,3759119.34782093,4359684.02035104,3049528.72237839,3047894.30787856,4838362.66686341,2453725.41941151,3065667.9803118,2035494.28698162,3497240.68355966,4613315.19367644,4377242.64447442,5188289.65658969,4430940.90304569,3233084.77068537,6539855.09915917,6989026.99995875,4629410.42544604,5045310.11930035,4188435.97791962,3723451.22624703,3764126.63600485,2565267.74352661,2639824.46465168,2301583.91359246,5418007.83065372,4961542.93801681,2736791.2396468,2633388.44935354,6749508.47046811,4796601.17291125,3691190.03251856,5188281.8357212,9021853.63406704,9103951.17330068,4465613.86410533,4579240.8447857,3785144.7990047,4661296.81179042,4905671.12162407,6444487.37993089,2776092.42689867,3621058.68735137,5599715.19650392,3098563.9939624,9924404.51625294,9200891.62366009,5162183.30203491,5012827.66963152,713732.610445894,1678006.90392335,3083123.54922871,4472274.22766126,5776458.81731914,6232770.65918885,5087985.09493501,5947196.85166001,5947405.74717648,4011208.71502407,5325005.16991931
glutaral,643017023.811774,637839583.966838,608857897.950542,578156595.253511,511141973.911287,491561197.155086,509214846.333658,482667588.580934,643376094.786997,662485837.641631,564651465.103278,556084928.042257,592550170.524218,601520954.587259,647087425.154611,603456171.935401,664625693.293918,692186165.647679,570846985.392315,562425551.806297,760112312.044475,798297158.914397,528792058.756995,495548100.783507,543401685.973497,584955982.985563,712225233.706725,702150292.090455,593808829.926082,577336924.484416,720719368.947503,723927593.385579,589635479.440545,584721339.322868,445097982.54775,436527153.47228,643632636.94276,619336579.281681,484302992.63832,480411665.139986,557265224.658832,561391909.960184,489359799.44628,479713531.887171,565127447.88244,557507961.4546,506828963.592956,472653503.380691,450227124.530334,455971250.568071,510487216.410809,509940985.895786,489958268.164921,486855624.994994,631728179.046763,644342275.593304,508887597.949,517455550.171418,524869257.373321,509030947.307015,609024496.040632,561032064.900364,550036784.413802,526195174.309732,596044392.26434,588003422.435584,758229907.526398,801362734.032045,587841627.664104,603667792.184349,644207139.927519,577736231.32817,513993442.359234,515783567.514357,659447252.72441,709875671.343563,603492702.689819,580345428.325898,683052496.380677,680836973.204092,747302191.006297,725482869.808641,524514225.455405,533990231.675193,453299147.297297,463961497.223408,552012438.803252,558692707.586409,64785307.6416283,33129241.1957985,544311438.68642,525227129.198702,558525124.033672,578342333.130663,561164840.964835,559298417.412419,557248827.710378,570800979.090044,547981875.89082
Creatine.HMDB0000064,151460261.658407,146652420.604043,166519944.650922,157100590.484525,116397311.594348,115242585.961564,291724383.186045,289097222.229668,233053065.445552,242620029.585251,112763265.034718,113252089.795054,264460885.033001,255732800.414904,166635905.118058,154190820.526372,141086459.152948,149735466.523763,121365151.119537,120485307.983332,153653116.321781,161770822.883262,186437809.949415,177860271.716707,81235783.3512058,84206164.5514288,172466533.899663,165359110.441884,90686182.9591148,85905497.1452651,127470516.112944,132905974.828826,54621351.7619935,54835633.1107593,227676496.676948,216530766.772421,205150564.231867,203546775.682871,220636323.60697,213525809.746193,126123226.192351,125607108.175262,58093652.5914169,57390944.9883726,58718155.1282724,57825937.3218374,26116668.6492551,24165759.3828214,104463184.815013,106167754.158741,187178585.823623,189445865.727549,71539167.4381708,70940012.8183905,28806049.950754,29451417.1764231,40012370.2733675,39965335.4659122,134031697.25129,126904661.843439,136574132.583392,139814806.434195,150767872.249098,148370239.804142,109395055.295492,108534141.537111,184409452.149995,195448495.496922,169009158.870044,169546641.143277,128709365.298117,120545530.129484,466985992.01839,451181990.025835,48242383.8453833,50999964.3001907,316990609.937496,317424590.071126,115726583.996723,118524624.326897,143539335.661812,136960297.434578,181258638.923014,177996510.199067,280644575.037637,295114449.060248,33100170.8532743,32843951.3184178,29697.1792188079,15854.1707132662,136002513.148641,137787452.925251,146858703.974163,138287180.817917,139781265.867968,138285039.892577,138778880.598035,142998887.75411,138594422.457728
2-Methoxy-5-sulfobenzoic acid,4380261.21161092,4542364.61707246,1072567.69959858,961043.045206113,1525320.70613487,1524395.85525847,1920995.74555738,1835486.3341016,869863.575814786,978813.039355703,522057.411716406,503683.52172369,12323237.5806124,10802042.2443868,497781.434009058,535863.843020889,538139.112862389,897051.723826066,755566.379087078,899175.175888121,640346.715957096,534865.012499008,434724.747333679,419597.911452324,619918.199873802,558917.168972201,798927.917414507,828233.859400102,683195.824584706,649856.987548238,574766.510675666,452975.17334848,534576.566572206,582748.770328656,1346680.597476,1187167.09180353,624864.152151315,514897.755340679,144265878.826343,138380461.174018,139019332.855743,142856171.750015,443222.943518966,611688.632235513,348725.718999594,869814.419426175,853661.431510462,771544.722301742,418522.563319468,475990.339943695,6176469.43875254,5790416.11310973,1420906.71017496,1396114.76776292,14773568.3524057,14239384.9326821,4700017.01232077,4227328.94267012,800369.509158737,545926.102217179,756732.434181394,690144.757029477,666097.063461724,469828.805717089,2205904.99405449,2293610.97494491,2706003.54022178,2621486.50068276,777763.750338447,805420.063381452,387289.482151772,454402.225442867,1172947.84177274,842393.909108343,508122.612476698,529931.438812049,7053211.96347293,6824902.59627943,4613292.30743939,4541608.68877687,563874.367912932,587411.670418788,738228.160672534,440623.626454424,6874392.73486864,6825812.8304258,574946.413437364,443271.888993526,499512.472465507,131845.504325559,12818314.7339663,13959620.1300472,13851223.95628,14242707.5028508,13734187.4073887,14214155.1961149,14862911.2996834,14868627.1877467,14461122.5167756
"6-bromo-4-oxo-1,4-dihydroquinoline-8-carbonitrile",5972.61692973558,5583.96738253707,6375.80283229204,5570.10955854863,6874.22126407755,6365.57344271478,6829.9448128112,7507.60427867275,707000485.291842,747282665.504398,6019.38745822557,5335.19743430296,10117.9492084196,8823.90518774348,5483.73866602888,5373.04916362476,6441.86731700878,5564.3087871253,5886.53269648557,5444.08379657259,6261.59976788739,5287.25863925958,11029180.2722784,10301393.0549497,5891.77968093763,7405.38049271164,5663.52259810507,6518.2703614018,5462.48705566567,5870.60582704915,6119.19391388237,5858.35771797248,6572.63443783004,6231.68366999825,6072.58829198992,6759.44147188405,542846216.474508,547794577.287584,7574.29551914873,8016.48361196225,31467.2595277378,45697.9448294976,6548.869983205,5880.13255944033,6276.26811351304,6097.99267227085,5574.07978567394,6076.88213356812,5639.64448388486,5426.53410120478,967105037.646447,899656010.742484,1298590018.33325,1349816667.29536,5675.81504331343,6750.59368309464,7744.36639481563,6762.16449299925,5962.62917789571,5721.98025195857,5995.63348165135,6595.49187959593,7129.23078023385,7289.49652001209,5663.41134699166,5879.17967223922,6297.34871302911,6415.3545597883,5615.63427546089,5766.04001879086,5889.7024263773,5831.82144175777,5714.7366789721,5923.25081228058,5686.76436131201,5559.39956794937,4929.89393556412,4113.66204762714,5749.75317755815,5675.42958098138,5693.38681156446,6659.03750066457,6046.6934957062,5672.19889946977,6276.05736809728,6296.17941932746,5994.59688964411,5680.04996235113,6559.7139740687,5597.11276082826,61009430.4468389,65803925.4897022,67176968.9535294,65386800.2020072,65251084.4734552,64715035.5728349,68537270.8797908,67252509.9072308,68618835.5669442
L-Tyrosine.HMDB0000158,353369988.199065,357454697.833809,195343219.932919,191419227.743488,275865884.104408,271155673.659222,266227505.869665,265232386.88049,255227499.811,273330550.248506,296474334.917697,301840067.529375,279394578.911031,259640948.718229,329261751.157738,314994102.878196,314821125.099385,337848600.416334,392255420.725933,394110585.058307,337746775.44774,368733381.468836,250653380.563439,249208501.049685,293512692.892415,326791497.028215,359667227.957689,372332142.178282,265922378.993002,245525593.910845,352490188.106826,363270639.36864,240140502.076487,237857948.448226,210143386.240583,202937630.989536,250471554.743978,246044155.178617,306091497.460548,282173064.719456,440702563.860243,430286404.931772,261685546.310251,247552864.256168,238426431.680764,228968890.575382,290515352.702611,249098794.892628,289410290.230966,305055198.305887,185352232.40295,186788844.241428,430889127.040242,450359993.989719,664146802.785668,654934739.648808,257126432.404207,246269825.157355,375277487.437072,359388805.707974,329483632.454518,318029014.725273,191596665.924211,185651294.362892,477733802.018121,473253035.840047,202490054.050013,209112720.563201,276834085.779372,277920474.383454,299474257.012901,278084430.232705,174042786.308064,166252320.94818,280001404.407077,305984142.315085,330692263.691805,313382198.546757,345639222.751267,346724610.241643,360768345.532548,351365136.134885,430437959.571252,420917836.07349,122946306.563729,126765675.513843,250883369.124401,270903293.579953,211350.16355565,78725.4734415338,261606697.488359,266579651.82689,279610742.237733,280803915.308879,285440452.881111,285168194.595597,294464402.194554,300864237.229329,288594497.747235
Ceftazidime,19416.1099110807,22033.1305157138,41055.2377761387,17817.9864656487,18997.3350917202,21917.9995422037,19167.0747495591,19277.9038574424,20310.0903328091,24938.0596755925,22420.4901750269,23268.9085318001,18517.8425213346,17329.5240792963,20032.7156213997,21103.472153274,22455.1245673043,21198.7848863027,23377.2716706263,27098.4193549157,18714.5741962541,20646.1867554442,19412.6171202343,20003.4233469977,26227.0791237621,23021.4733177583,19111.1500923652,22840.1503400964,19791.3725728577,18688.6752039965,18950.5120672896,17152.628088641,18950.397891521,19312.4635006873,19762.6484971413,18444.6196606479,19192.4243814258,19176.4138122878,18471.7400084319,15709.1367358467,28067.3751440798,22602.7137759376,19599.7610589261,18291.1513382769,20654.0313774462,19755.8445490089,22444.4387320681,19354.4019047258,17130.3761242317,24899.6859682141,15780.7345413585,17724.5349279693,19533.0948203496,22717.3475828242,21898.661413339,19985.7058731302,75819.1924718324,21131.7896637259,20166.6973607977,24963.434810204,18919.4537161178,19202.5064648785,17595.1159028787,20190.7215308281,18321.1916957237,17686.1601554116,19481.2414492347,20083.9915724692,19934.8903748232,20813.3834856549,21914.0941296074,24008.3902750045,56119.739697941,65219.7271788868,18192.5374075318,43145.4316695794,19721.4765870715,19640.3689858471,17413.9339244652,17689.0962527282,19676.7285670411,72992.2948216745,17134.3906334457,18012.5626448587,20920.5459557287,21510.4796228208,19385.5374716743,22279.7788883654,18526.367721459,15116.784453142,20599.4531243465,20612.7293473138,32436.1633730361,22507.2870498694,24022.1919219381,25182.3912951315,24297.6983499995,24926.2564370791,24780.1677668836
Lidocaine.HMDB0014426,20457.2516617864,19628.4923106291,22721.1036796907,20449.2831845708,17339.6980074493,17468.0607599349,42414.6747384045,70689.0271477082,533860750.032455,577650458.462262,15988.4195988208,17283.5407041608,3798742.701648,3698969.53814514,29877222.9481496,28867751.9763415,196823146.825606,213093186.998294,198647.055831412,207134.914600681,69439714.842964,75184691.6811006,15052.4960450655,17411.0174292419,22014.0827282488,20357.5609085541,17762.2772010151,18077.6296333438,20289281.1802618,19057532.3578198,237465966.917002,240887724.879319,16485.4477329501,15588.7759761227,972304320.590003,1010897815.87723,20482.2237838394,101639.978159169,183638.871364531,157241.841693167,1828543.65971418,1785029.41907516,18962.7829737352,23387.9981153681,22038.7254894142,23274.5807823739,19619.1612506151,21132.0473751687,18180.0444874794,17782.8249268579,1038942.21787522,969204.526726262,262098.083707483,289261.775493911,28104.7994004707,16339.3064979641,46092.4985919441,45739.3637773127,22348.863287633,21493.0407990405,49323.7158608632,24342.3082399679,16652.7283997982,25446.053840734,80833169.0658495,80426854.0947508,25958.2259506951,27646.9396071528,3394368.15793231,3214028.2869838,2968045.69519023,2811789.20184585,25669.038562153,17598.5524376402,19695.1191749673,81906.6128606035,2226285.58686244,2154017.84097886,25231084.4422442,25788266.5031725,579930121.581686,573302063.255342,15308.6924359731,16310.1632806601,2554644.26458909,2627060.21235431,108928203.781032,111142516.14414,15097.8794364151,15638.459153194,60402225.6705439,57470795.32573,57766682.9318623,58055022.9822212,57571492.811164,57608580.7367687,57448135.0142359,58236210.6437507,56290861.1751432
4-Acetamidoantipyrin,52007.6331395712,58277.5627145484,50679.5192339606,54670.7355418744,54411.2744454399,70617.7473691114,59420.813746665,56413.5014055346,46741.7816801938,64310.3525587568,43486.4285949141,41779.8350596146,57568.6418579628,47057.317770288,57051.1592591074,49756.4985205784,105230.389977122,86578.6263451743,97790.2428813972,92357.4551771897,58547.7217310805,70043.7819229094,60210.9334543948,94552.0037482371,100443.886462109,83813.9984332614,54579.012824622,61740.3478246306,44802.0987042544,45269.7459071313,51107.3035995888,44598.0799787319,57302.4928044759,60146.8434514958,51527.7317702561,49227.1590302468,50612.455240115,39235.9460110252,92462.8151631043,83319.85173931,58403.9309973171,91753.0415249001,51760.4220342946,61477.1760364861,41401.8444469317,46389.3638763272,57883.2312905411,61239.1529201233,43816.6167149963,42041.5797361599,61876.175753544,58151.5887319312,65996.6240267007,69246.2124213077,49166.0675275464,51033.3217285087,70691.2213881078,50142.0517986435,59249.6000422064,88129.0663796269,70407.3198961109,72123.0776732278,52844.2345754608,61687.7623276003,50100.493932842,38874.6324980543,51456.3674442492,45417.0084535682,52883.6821582652,67333.7665475901,66872.4152530001,91649.1200766294,81661.7217730791,102016.570747251,43537.1991019283,37761.9456498402,73019.5847493551,74245.002914576,45251.7160918003,48817.2056397549,57863.8335076832,57625.6059510547,52887.303333637,50708.6799041635,55308.7106513734,63351.5703396433,47774.8851465273,62835.6058194215,78623.9153135797,38135.2100088717,78852.550608054,62959.6683509055,58406.5962908826,53720.0083126949,64779.9000746357,51980.9137842814,60751.2579717345,58178.6901033466,59411.0754587639
2-Isobutyl-3-methoxypyrazine,51254648.2641543,55155278.1643126,51642126.8112989,50992828.1376889,50638636.1571867,48942884.2594249,48800770.2126056,47778408.2837547,42504212.3767243,44524084.6256518,55802011.4218959,50189814.5984892,48369928.404421,48282678.4742575,50248650.8477799,56083177.3903044,46260911.7449384,47974300.3056526,48359801.2437673,48495126.0411323,48857251.6515109,49383105.593303,50680022.9696782,49942923.7945745,49304421.7224657,52635463.2372599,47120613.5468677,48058516.8639938,49838989.097893,49842570.5750398,47522360.1996528,58798185.5992671,47709129.1555342,46650012.7653566,55279928.2362927,51763894.6921799,53202806.6190694,56520125.3960767,62112009.6564121,45482828.2174379,53618611.9021516,50765264.9156562,54516859.9787374,55152019.3573358,50387543.7996062,49195947.5379867,51880428.4551619,49113641.8877907,48235271.4870984,50613449.107614,54842559.4466799,54894993.2978363,52185778.0081715,52518956.908883,53492435.9641101,50658897.0768914,52044009.5465811,58605502.6755229,49259440.8412387,48963240.1881504,49805994.9356475,51006349.2120654,45324520.0576326,46454943.4275065,47933264.1962695,44186174.7912747,49032282.3758001,46823552.0130066,47096404.3162649,46214710.3840703,53769288.2582156,52103485.2788249,47945511.1249172,48412940.8959142,42966516.5717132,50593237.4956382,51827516.4894577,49748906.5090194,50574059.0070083,51591880.8211078,50140220.7207402,48432170.3989553,46977166.0978308,47559868.5610661,48442384.0086987,48976654.3455463,49100608.0516174,47310818.700672,48212748.1504572,9048707.69839469,48833275.8300522,47565356.7917238,48333650.2859382,48166810.5883794,48436039.3295972,48084453.2607842,48727747.1525507,50063976.0957948,47335431.7221433
Pyroglutamic acid.HMDB0000267,87033072.5789153,93823456.0118648,19851960.1692354,17256009.7651411,27199024.4060214,25647380.4283414,30864453.77665,31572751.84209,24859819.520427,25162706.7252885,19923583.0054004,19190635.7436739,26317084.2807092,25395842.554041,16824841.8053586,16493639.1097169,19857592.2831727,20239213.6373335,20268652.2023942,22635534.5318936,24802269.9808987,24301299.5395378,25826009.5074123,25859375.8931771,21406900.8865489,24733320.8076315,23299052.1716794,24586320.2023821,29619799.0178696,27492632.0938861,20282015.9578899,19427110.0364621,17957672.2662784,18990282.8108896,19860108.0533109,20772608.2149483,15176646.7314318,16042157.765831,39240040.7874741,39466173.6929255,21833774.391322,23447755.4918067,14628541.4966603,13657752.5585856,23300914.6550414,23191807.611617,27770170.2849539,24506025.9063066,26489896.0343515,29930969.8045253,20633313.5491855,20372996.1027721,22940533.2987224,23717721.890005,23142164.6576131,21843230.5368437,26578381.1340681,22059754.9069635,19286895.0317192,21572223.7705645,21495825.4954964,19852470.8164357,15014416.9748033,16760035.6068295,21415447.6728528,20736791.3804122,15693117.9375468,15258578.9841608,125147566.560155,119833771.031421,17775837.6390471,18492839.2890395,19525258.6670588,19128702.4654128,18927976.3446092,19388329.7150462,16334326.5254668,16170818.7606232,22626874.7286702,23227777.7765853,19153620.193182,19414618.6866573,20181824.9756101,18612120.0281871,26425402.9910822,25383797.9580915,16171814.6753691,18059759.1420649,513811.938385321,190998.248493646,23610913.3707108,24219956.9466243,25178936.0143663,25498159.2120077,24370897.1131461,24543735.7782346,25818557.9078545,26767342.6433495,25968134.2204521
prilocaine,422138.853982188,455100.216412234,460330.699297362,472281.70763855,39716.8132361121,434854.026945641,455734.037394443,489233.823930848,410544631.274234,437846216.807308,466344.543622525,444977.046207332,39478.4909855365,421184.224295839,20569390.7617621,19670109.1850685,88920828.8181744,94936877.5387344,544047.859739816,566284.869728331,31287377.5626197,33663014.6337053,471942.848313991,470807.532750866,439806.12672066,449410.52858781,421372.509903103,471674.052647683,12813278.2539231,12009731.7223473,195877935.998227,204816575.554719,505163.120232439,498077.67846068,27301.3586373944,379288.530721214,545720.867293791,559484.973907651,525612.417507619,470533.832219973,449345.694639158,482601.428774305,476524.202415234,501769.392032824,539645.433704963,484833.781107424,431453.447314349,401118.035198351,439132.640613903,486469.316640186,447250.570403345,437510.821039408,481996.345928982,495094.530848085,510667.124351276,392221.22136947,567131.343458009,415810.798464127,432160.542278804,602694.417725992,427667.469037735,455368.63537592,467733.533657273,480420.178497236,45240125.2410746,45137597.3025624,555343.597370623,582226.775220064,1973297.22424393,1934158.83528927,1748740.58377319,1751881.49201731,505455.180667174,476749.029639406,523244.823834957,483325.239257241,631970.010022289,542943.552837134,10273295.963834,10571300.9682315,415011656.135839,405585694.255161,415947.565155223,479469.619875441,455587.369197612,515358.14853578,72870463.8286727,75174686.1633193,642796.491530977,73850.5459974136,33075319.1931311,32718711.9435252,32705886.5500751,32575792.9100942,33180765.8949033,32667698.6745999,32790327.0449903,33112401.3669291,32424340.0301352
,2042324370.0099,1603708483.79478,1618701323.01207,1742336371.87751,2412513558.23044,1556635934.73161,2635992635.7277,1482588822.59317,1569082075.68281,1525061114.19765,2239152158.90011,2025672221.17019,1754728939.3033,1270749652.40793,2197061358.93663,1953969978.89721,1499517185.59563,1305367572.37463,1277759171.12843,1976772522.59449,1150319482.33353,1661266596.79971,1650823199.75122,1247352663.25716,1509766698.86166,1637419423.22118,2879188454.7684,1918551066.1187,2192426725.5887,2358882147.41391,1499736599.78846,2010006554.77839,1158389883.24432,1110640588.2257,1521146415.64974,1832356933.50907,2145700118.00467,2000943167.39471,1783902211.05543,1283831305.99259,1440285581.54234,1326592673.71856,1417168600.12755,1308684624.18095,1893452656.57085,1710032658.37076,1934845857.60509,1116846340.69753,2085415339.18041,1908041103.68564,1809766632.38021,1533820386.43011,2325791355.26329,1604627088.40446,1674350549.942,1427007450.47771,2088489783.46729,2292791903.10419,2081427315.24667,1544002278.69763,1581311118.43539,1165396064.3719,1125135769.89318,1532010125.04182,2784648999.20386,1351842807.40376,1854889144.51862,2454712431.92096,1836017462.51711,2972090520.46897,1513155805.61094,1570593276.95353,1998031295.68771,1268842972.68402,2687333525.02694,1998626410.12338,1589606202.71694,1375872882.72901,1735612208.84464,1839702816.27185,1295666537.48935,1211796444.80668,1877088977.38004,1759083448.36497,2036800156.37622,1994949645.43457,1463844550.96535,1665186361.82867,1227585720.14227,1735549761.41845,1227275114.19573,1151575107.53451,1460810504.61183,1930230532.81573,2032251728.61468,1640444688.01162,1586430501.00294,2155188859.65314,1942355396.92964
N-a-Acetyl-L-arginine.HMDB0004620,599755.164011542,524555.368354515,236958.705585657,201974.751254081,640983.440303412,607490.904994483,820089.381900633,750049.059859548,141350.899785069,165324.17755433,944302.312040188,944404.533902959,172699.342625248,158993.082185979,607964.661672514,535612.046566436,638437.000003475,696997.46866446,494796.471010674,510041.772520773,476168.973575877,549940.209654996,534274.895602377,464568.20384879,845273.822704833,867140.568786835,964096.001573303,969595.06060274,697714.539630157,572124.43848382,338974.142204007,386116.449827548,501369.815514664,513803.078983707,457449.601759707,443855.079758769,533809.009883054,565358.347715354,245014.290508495,233758.003633884,289011.998121815,288798.44542864,362629.727554583,386989.40786718,1137913.36636762,1015103.83066345,770760.664177902,668091.379722173,574167.716959051,601244.977380757,355538.493987696,367973.473008389,333506.101688537,362571.027300449,1066162.0018824,308012.144740777,2253066.54745524,2142005.63651925,541871.557864155,474410.236904794,658242.921923769,589544.200269397,664397.863506563,605597.551811029,729797.327255933,700844.563093456,195905.216484179,209587.08494725,369141.885959846,390043.78615879,473294.887744545,376957.37563301,632963.389499948,603739.207042266,1227620.05345374,1327803.31927773,1311381.87969618,1225640.56254878,289540.223262411,311932.965366238,457474.956565087,427877.794413171,366774.37836754,356029.38106283,1023131.39862719,1133875.76265327,922533.470787623,919716.270880713,22371.1967109991,18354.7705819131,66810391.8702585,68183948.4949296,71396914.9204717,74081012.3986159,72479886.7947824,74571425.2047258,75237836.9936291,75463213.025321,75159829.1919849
L-Isoleucine.HMDB0000172,358672020.763689,365621703.33425,342097985.205711,318229023.565823,291305003.720157,281085949.932649,167045957.109961,170312716.252431,479825481.264193,502913667.642622,264394546.719446,271324637.94258,349910807.587981,335492197.770549,361110287.738524,351602623.910306,359440195.164678,384945088.599723,241492862.133834,244107907.223246,254891147.695769,267527044.444079,263681712.624729,251093401.36878,251968510.808254,272188641.64781,230248289.331418,228758359.868152,228063834.4929,209353052.063492,306008389.312139,316165977.802966,304782851.184438,308781826.248704,197482870.098147,195991804.786385,256176357.171746,257746768.268111,104975198.580217,99940530.8703808,230170176.229539,225312153.286198,253157124.515799,246313411.005258,245420452.496789,239858895.176983,257343973.136223,227722060.048446,182432149.653877,182907087.267737,259469741.632811,263691690.162944,243091288.392111,247487313.042969,368196631.123448,372174800.448384,252441730.698191,239917001.678855,298473289.161438,292763689.925004,257293271.261946,246661140.348331,260639209.006406,262776057.800377,318305381.287835,329434627.103107,343906253.392118,355314798.629414,301973080.974204,301688926.580265,245746964.263643,222109197.012847,233456158.984898,235261932.849771,264567153.112207,291328426.660463,282018117.810228,270847365.566308,278341174.663925,281834291.65672,367516274.726679,359149323.390796,274855482.554435,281136070.516836,87037292.7215163,90003585.9525047,208497062.655715,211410273.969353,397052.691808779,607793.942363856,265214746.143065,256097910.326125,260463351.476281,259193370.851362,257351909.781235,261748626.186812,261120117.777188,272640526.708911,441795604.618511
L-Isoleucine.HMDB0000172,667358502.044394,662774079.923628,570980302.106895,537563124.657808,463559587.986534,448126622.080634,384921417.550447,382349130.328333,652341485.695512,686137350.396983,504985299.793077,536346134.709588,450619731.926473,434708848.904563,593763049.918139,560514928.547052,576192241.249488,627048502.872784,395442810.012222,407654173.200112,392363400.43731,418499854.936094,488886401.671441,451792481.799203,431331047.034145,467946635.319194,366600580.692742,368844432.792581,398438249.342655,379140697.657772,531694493.312154,527345801.059196,539720313.33112,520999887.252136,294923227.166453,292898795.202734,456717495.855189,450551762.295844,266113640.592684,243851500.995151,391853927.587621,387397049.207391,377581674.934524,369975217.959419,528502247.221557,495886163.892214,459861503.265084,406078591.055546,337050499.047774,343079942.293029,357057665.385802,356685738.385104,394580230.701352,411242298.369664,549143093.659023,549328502.810144,449502929.444953,447962287.729288,527765279.309498,490963786.842149,464386345.302742,440697476.472846,497906618.418458,460901143.920372,477796681.687024,461735937.103401,535766011.884753,553724279.036363,555671952.410578,550280575.605196,455872131.268865,433442498.011903,448354914.776158,433777622.916035,536647727.061762,556828312.690012,556240286.625865,536342152.642673,447653076.707312,459153169.504954,645628214.453432,637892751.451219,630555734.621756,634215312.891696,339237788.132626,338403908.507295,332093149.353126,361248128.791722,376282.406223489,639942.758629105,448890225.925877,428190109.841199,434284610.797519,438940100.024485,446999427.944497,446750215.6814,455237549.447851,449807533.48056,4986300.92596884
Isovalerylcarnitine.HMDB0000688,3125228.09193817,3228591.3775217,5038084.4975469,5283624.70905341,1363276.43240427,1360888.95634129,1276596.00691481,1496055.65618312,3443156.3467618,3313546.52498728,9846368.38976744,6809718.05211209,1696650.47163501,1568115.25844167,4798793.11087616,4409321.87452058,5577705.65750862,9378433.71151153,7012539.83560333,4819613.39688719,2180648.67754037,2291456.3279529,3559485.26916275,3668922.34831141,4935984.27764626,4859527.22353917,5029875.43534895,4334394.75825732,8406792.17606311,6351968.74772627,3455351.90190613,3555496.205982,7362518.97880264,5330501.31600078,2598466.18295209,2513077.63032522,10139550.0631615,7102947.64892675,1420425.75465743,1612360.24692153,4869650.09686414,4888876.45331509,3586602.5296811,3218437.01757846,3422775.75641282,4605105.42083894,2882735.06980189,2889336.05193279,1090690.00314328,1197016.59359139,490512.576441845,583327.023746307,1612725.06307614,1529605.91501004,8252273.98364874,8055132.09807128,10813460.5067148,11550290.2061637,5028628.75495619,7112308.54869236,6823192.7105711,6732653.90625367,3719962.13981625,3666197.18231173,3665746.80943998,3866069.58954369,4368050.60783288,4424232.92840156,7165817.0143399,4459451.29698191,3072706.82615024,3045988.82005204,9353401.47311564,9316314.38987184,7078551.01993643,5721778.15236202,8463015.56706151,7395589.98637317,5652337.12604119,5635454.17239511,4110993.45318348,3965376.08321357,10646581.1532788,10686870.1093609,10258130.0259675,10618937.6384009,8906445.04464035,5829934.43301581,152278.517012212,25839.213822556,19229310.9740795,18192692.9750285,14194889.0996155,15201827.458429,15549142.9063686,16359083.6232664,17164737.382131,17982540.2454851,16582440.2761031
Erucamide,6262642.26124541,5648073.66116312,40305077.2646041,17936634.257719,5455501.01433479,7842999.52995363,6487541.47881353,10419971.0214065,13326239.1723141,9453975.03239878,5208484.46749308,5725719.64766463,4753563.51718378,5243686.73395783,4623971.4379472,11452471.1714743,26481553.4366534,29594967.3119236,6062160.26420803,9640192.15416637,8460128.17983844,7262614.99891767,5346576.7911356,6909251.20482322,4599710.70670899,5227837.75443121,4379657.96820864,16958265.9721889,149847253.186752,4671166.46583144,36787382.8255431,5876870.45628069,15581448.6602371,15596587.7674809,4832320.41493863,4242092.66313266,54683804.0000379,26579378.0862714,6076998.4129761,7545174.64300014,21641290.2173652,10683154.1240108,4730867.68057378,5221602.6491033,5455099.79100175,4610899.60868252,4745894.70681914,13893870.5253418,5396466.50915935,9095003.0766065,9093953.58723716,8789416.9552679,8014792.58281736,4757722.52523898,69329135.8703913,5526032.26913364,87271954.7935362,37470913.1078148,8303836.72003061,6235966.25300764,5496825.0211724,12207571.510608,6041661.3377317,18057397.7428676,23628664.0544909,24715388.490606,11274048.5157495,8348791.16054359,6697844.46198753,23010945.6790028,5426300.32638473,5477550.90980564,6680753.74076893,14380849.472239,10977371.3326491,37670597.8623841,6095989.57486138,27993845.1168373,7178814.38258051,5640804.68623831,268227274.079993,12746678.4259191,6665039.9171329,16670827.7279757,9033771.66330169,6219654.58873481,7334152.07552505,64926777.8219905,29546312.637304,156407035.919041,10950002.9427609,8605389.88673441,7499631.56779325,7225000.71026795,6971441.21628032,7666679.12159254,7528861.34193801,6554138.52332476,6585903.09079883
2-Methylcitric acid.HMDB0000379,302869.49205237,226321.69513827,233841.870888052,284234.521646511,514779.544610599,437518.523592717,303971.742038128,315206.167575078,228493.582318981,292826.696631048,188802.234716465,185085.153196701,538224.654828178,543765.989383867,169743.080390873,254334.756586289,233845.14502676,251240.089924057,240060.427301353,275963.323245379,158248.978809655,110231.957004498,230119.602572597,190163.344779257,470377.665929449,345399.215010927,343922.922188218,444064.821699652,236626.826324892,136357.446031747,196456.874560317,206720.079627108,192503.085282963,210029.089876832,344370.060815594,1273244.34666251,218516.208178024,218770.322074741,459784.011994228,414824.72519427,169597.37886406,272203.759613478,197509.481674885,141912.058782771,159033.158922394,864595.636577626,293742.528836803,122032.65450028,234542.465072519,356660.886893722,379602.545677175,92556.1326640376,1586347.23541376,146297.583923238,392843.281166782,446378.607902385,268655.9778264,264806.702493665,158543.601561757,200658.68859594,206472.488055032,2103094.86444696,212335.853912627,283810.27223314,167457.187273603,176136.807290951,407605.339461493,385270.359827636,209021.419135638,225818.079627548,231315.175629322,236915.143166183,324307.354068469,550003.1969768,150513.043648445,245171.786782839,377416.418105686,184648.406020852,500242.869415715,286295.283036275,187348.166955557,163657.490240105,294469.332270524,180455.139030924,242121.399871985,481904.205506999,1648598.55199478,1554557.44813406,159514.6072892,178685.211537089,432317.704251808,142258.350690895,447867.607838713,173308.198384499,412824.809385369,370014.715851908,296802.636807739,325597.652554563,412951.63467149
Metronidazole.HMDB0015052,53690.8712979544,60581.0701968439,232846.452672495,43618.6955055386,22661.3666806193,953344.570027919,43501.8946906057,65051.6159916055,1043500753.54306,1111431628.40244,22167.7617173426,43266.5766433667,21873.7409515088,575206.437453093,28299.6929082298,37183.1404917702,45476.0307116904,332232.123583926,277769.835736196,95689.6881654986,32208.7003019578,35704.6826160183,36580.892212188,956216.940411354,58020.3652567702,51643.7459715477,124343.944656222,79608.01770786,25275.6665385843,50569.364225554,38400.1386053164,34253.468963259,67790.4807573251,65939.2976935809,44434.9469371147,45560.6271641594,26492.9506463272,36669.050865737,32302.815968023,383890.321626763,2653291598.895,2637380132.20681,287098.306754661,39905.3824011727,56043.1799497206,56510.6648768314,62559.4466634108,69087.8392290758,48413.090968536,58070.482668612,40101.6663980818,47787.418221137,47270.4432437068,45581.8135821684,320765.226271137,496880.177077617,44545.5226730082,31238.9819983628,40662.7173435525,95794.2789889116,270042.896048694,63093.2664408464,56134.1622436318,114079.115079267,58476.758166434,116819.226460663,23608.5487854699,22973.906661535,42878.4370203517,128616.140491588,41148.8066076367,51783.2349477513,62231.8104319502,63416.7319415886,73486.0975158188,47678.0667363896,73113.5715338151,27414.1005359054,44333.7536327745,26138.1870545087,37267.0390966384,37541.1352873706,50857.9813406663,58277.6819895853,97866.6130944619,64106.0555205522,61015.0300734944,299681.920531693,24148.4891975945,18719.6762963558,104212015.710593,106153918.938349,105679135.608908,109185615.754691,113570408.591839,111643956.212004,115177261.046889,115723286.208068,113179075.195532
Decanoylcarnitine.HMDB0000651,15167779.5507705,15434709.1084266,41575269.9082032,42547749.9148688,36054247.8350194,35558471.964118,13192965.0159671,11788302.7955735,5043190.33233969,5597505.42004865,8242564.93696401,8014458.73866491,24870135.880154,23638818.1908272,6588050.49881231,6325052.65073529,7856761.82406411,8595817.38977601,4295197.02945501,4170768.81068008,10290308.0232318,10716158.2341384,16037544.2745873,15681964.2499421,19915009.4714603,22143410.0733544,19066615.9127534,18852569.6611832,4733534.27187418,4571666.75426089,2916355.69500555,2857353.14693217,7272092.45719803,6902302.23597361,11250280.5699818,11149552.4851952,12827948.9612511,12307929.2254897,8296112.86379374,9065163.51697433,5281807.30085026,5211920.66326259,6932751.18451188,6568175.23439664,11307828.0477141,10735461.3462853,27913884.6870083,26654504.2538394,5681759.77447158,5962420.12348072,29743960.063586,28129501.9455208,4165413.40496048,4185347.1413829,10936656.6605924,10859824.0482818,8049738.87396825,7709454.13345502,2783904.40784499,2520249.53923648,14126215.9988678,14039015.6551848,65207557.4813553,60714923.916905,14420315.765413,14412924.362148,10606724.0919259,10354203.4966944,2276093.54590552,2224869.93571559,3224865.59471978,3055500.82255797,54948263.8310952,52984562.3923872,13395000.0242961,14646838.640855,17028158.0551749,15932439.7387956,11878470.7927267,13366007.6305839,6059171.80428382,5508995.53677771,5484938.06070867,5835060.6944262,12629616.711768,13103845.3121087,14642381.4228425,14299688.1470606,59623.1537991772,80534.9752500558,48914838.8116064,45600572.490106,47121743.6437301,47442283.9591839,47984275.6758476,46527024.9043451,47753017.5241526,46371637.4573749,45543580.7737199
3-Hydroxyhexanoylcarnitine.HMDB0013131,763527.548363728,575862.566953381,8828850.53568797,9083051.80429776,3949784.87352745,3897145.11270375,1214732.20429744,1571537.09932394,2982419.78686656,2173076.13453091,1340717.9377465,1209818.91933867,4449985.10988399,5063967.79716712,500674.138593815,529640.878658154,512069.036774606,531522.070898967,545509.262346881,525305.025524483,637689.988512703,730441.924310731,541007.755590466,465736.404738657,667088.241402718,737231.951807368,1092949.65556988,1357300.25822613,1646230.25785447,2479929.5966551,775017.514258484,701180.415423322,303449.201964119,440703.411647476,5077710.92159461,5377509.27041075,1625845.54947263,1674240.63306788,1794798.56755987,1880644.2863896,875811.635247449,937049.638021107,823396.299876073,801459.634355321,518616.372954218,504567.679284942,1150501.41304392,1147278.05244215,713935.666565797,663552.92027751,1649283.00577089,1644592.86243322,697764.055952,706001.90826627,4769850.87420114,4799482.71649605,717194.816088929,464900.617528166,1418518.07300918,1307348.94479935,794281.309784872,773227.010744621,631779.827734914,525091.47809916,1108398.8346809,1544786.76215405,6338420.79783494,6387087.97842322,466019.049248894,566385.242568637,860511.506422312,819426.355949625,1779994.68838303,1859433.94243228,758374.811658521,730463.946141532,4236164.34633477,4098642.00230225,9317486.86276964,9697439.30227396,422468.714568866,309464.461081058,627551.470876584,568814.681344642,5920289.31184842,5727259.5242035,1032094.43513097,1069893.94644975,39355.4958126,42091.6030024523,53197914.6004198,52305711.1263925,51347185.64735,52275182.1135894,56255248.5501863,54086822.5131465,52789147.4324206,54707443.593374,52437534.9431072
Tyramine,113400874.164812,116163965.446349,73874314.2717929,69918080.7494678,62645406.8226988,61038258.8124479,78817652.350694,79351496.9646441,116649293.753782,122695338.062785,86893287.4184283,87432828.8325717,99729855.7970949,96508554.0020868,96958137.0563444,92632252.5596193,102860053.619144,110256280.774315,77026016.153563,78286149.0210135,105169789.271505,119046931.188867,77967648.2401347,74624901.6040909,78255825.576089,87295180.003086,82321987.553749,81593263.6275545,63816100.856434,60769972.5821934,117455474.40172,120032152.037908,90672819.9006756,91248323.7238514,89660378.7375163,87135300.1843953,85057620.8291642,79650418.7656445,80784427.0421844,77113901.5842996,117722436.635862,113950648.334569,768919314.474753,771115092.865329,88829443.252955,87647556.2694496,87912624.6454352,76203261.1730004,95343236.0568049,101162759.570395,65225635.1036759,65339955.6416394,67349361.4116834,72046625.9166921,98049589.1916381,97455786.6768478,99933517.4773225,98071804.1009469,66276283.0592726,59043644.6437821,85700561.7948098,81998595.3578412,82438786.0491689,83111420.9884229,91978923.8361287,92173229.1210668,97948845.0922706,100221373.701409,147458770.95616,147305221.651807,80153363.9572011,76954704.7664557,68410267.8313852,67791138.7148262,89329629.4174841,96217791.8665422,80993355.8770616,77277680.3446431,72721574.1391864,74764788.5276953,118897798.233146,117600032.393274,93188095.0806679,93801329.8094061,44964150.6582545,44926806.6836673,69823462.882248,72557969.0286828,118315.880899418,50502.0708791709,109834340.236096,107321538.563728,112320744.316118,112616329.284021,113497405.263084,114780142.480913,112731904.879434,117262357.384989,116891448.13639
Tiglylcarnitine.HMDB0002366,293183.112859121,248732.094340356,534962.680620312,528117.378936679,230166.177824932,251900.407613315,265530.058066246,239389.478946955,323692.958843827,321885.697358765,544039.166467038,500702.079749726,460803.12125233,491024.158773472,197722.050043615,176598.594661567,373173.216776679,391659.645054449,297238.38432861,348494.619977546,108765.265325685,124455.295168862,263003.675288635,268713.651324864,368540.44493571,414390.147953957,317322.228736141,290461.393156302,494106.919324445,493814.241432811,333343.442439294,339265.808233704,381690.986780375,384487.078748964,344928.763501431,343905.990316155,1675853.72036358,1499657.80551704,404015.702397093,376600.908673329,1102936.08264374,1084816.19130784,229505.897912248,219659.053424503,1457605.04501378,1367593.05739178,505978.690090087,511246.520119061,385157.062745811,307489.585411021,163590.167803818,150765.204598416,151380.557118048,152216.994093319,5186631.98842451,5228829.27476548,1101623.68267962,1052607.58778002,304109.692410872,317415.686507347,573395.64707561,444150.631933355,389044.374922403,372818.62616635,400023.410302025,412110.072460953,668753.683952079,708802.549770162,515611.571077335,516270.467912131,259420.02477485,237569.603044967,900983.415224675,762702.047190799,540386.70034471,561255.197597753,860970.449085745,778549.620602864,500177.840162371,532691.684636479,642082.891477233,657642.680058806,256452.76649613,229436.765361948,481028.866765379,591192.061620032,335482.897572349,358568.558915813,39928.530772866,17272.3982132132,46120773.5049648,44991199.1539267,45043369.9396208,45734918.3801695,44334561.9351157,45461357.6645415,45202697.2031105,46080343.1043922,45624215.0970838
DDC,14125.1217710894,14155.6437660787,14532.9508015823,13928.1609342327,17433.4162588961,18079.3175273594,22849.1561888915,20327.5767866297,26696.6723619114,18410.7774997996,14420.5009378686,14217.2359708137,16984.4057524757,14395.667868958,14439.6268584451,14069.7288991199,14864.2852902176,14061.2682812615,19374.3536687802,15944.0245879702,13584.8712190657,14127.0386951644,14763.6596258502,14732.7000707955,14724.5434287179,16660.4355178541,16240.6454337325,15394.2972806709,14090.0651918753,35988.9534232335,14151.7346122178,22026.841003061,17414.1632247612,14500.1149552554,15113.4885351502,14065.1700512789,18327.0352773909,14265.809366355,14289.8956185491,17751.5368156367,60287.9250973639,51485.4312446161,14090.386657068,13538.8013730186,13456.8195921531,14041.5496134368,14524.3370172425,19335.6553219753,15238.8469815598,23672.8535793991,28705.7050802361,14052.3532307575,39025.2774501296,38087.8306437677,16479.9340815319,16209.7768043187,14111.6991257826,15142.0996069641,37611.3027335453,14743.8163377408,25428.011453827,24966.1620743843,15904.6957911449,15081.4295541558,15941.2356285126,15039.5984071163,14168.2411770844,17368.0987731455,25500.1361793448,33196.4512363253,14752.5791898453,15606.117228778,15992.1208426931,18659.6085871749,15242.933533444,13928.496227854,15746.0773549562,23184.7744128406,14069.3800395902,14985.1635188297,16355.2057187618,15307.8268811256,21154.9532416889,15918.1925844379,16824.0315799868,19553.5435630611,14751.2292273226,31591.7626667867,29948.6598241898,14077.8306660542,26873.3489368925,20821.6969489787,29709.0949363589,18710.227374074,19058.3048044362,17559.7568900066,22843.2125552313,104047.479998967,21285.7954632768
L-a-PALMITIN,1936852.25993105,2009707.38407916,8679770.70264802,4058251.11902862,5562697.54557821,4701736.33180808,2085932.24820099,2995935.69031548,1706625.17388066,1830902.31010056,1843144.73042602,1626066.37639305,2003462.51127095,1600968.12567596,2489942.05053541,5364221.65738315,1958092.05622581,4329673.8591155,2884769.60255534,3002601.95731742,3775650.07863624,2274032.43758948,1525384.70687542,1644442.64679118,2634180.47761673,2270411.4165424,1560085.67659488,3243439.67133225,2502754.27014945,1170210.8602293,14084947.3827169,2354763.72327641,3506658.35795468,3599690.03937603,2994182.94734984,2713006.37721666,14550578.3851424,17776041.2804411,4473671.85701948,5017173.00573707,3087766.92200879,1294722.17376118,1651001.41866348,1558745.1938351,3355467.0004861,2881176.09761157,1756120.97970175,1634123.94101374,3714702.29101906,3069071.30246983,2392142.86809402,2171979.49557618,3078773.79874713,2622333.62365402,14807748.9861724,2389331.19843463,8025739.53266523,6297767.70584586,3237892.19470914,2269978.64132735,1985893.43772676,1746416.47559075,1723647.19818095,4817887.58621585,4282691.04583604,4026360.06100341,2681861.97857423,2704698.5068367,3776726.88637906,2037979.56104641,2281972.5307389,2406467.80350172,2100308.69992092,2135811.08373596,1807202.61489556,2696227.69684033,2818202.74746214,8965711.56796185,1613931.00964516,1841444.73005368,5678146.72952214,2048118.94087859,1766050.04656768,2385459.83972836,1862967.94930005,1701923.48622725,2217399.56625306,2388147.86931851,2178681.63022899,2270004.23277113,2286901.79954249,2037862.25185441,1937739.40192474,1629410.06284838,1996677.68885023,2374660.77749692,2432083.2853231,1870416.62224817,2202617.97816374
Hexanoylcarnitine.HMDB0000756,3547823.25700846,3573638.08770808,16799147.1612289,17432739.7788309,8188593.47831724,8068251.03914523,4900747.27715231,4590159.91189808,3933060.39390295,4103870.10647726,2151171.67242222,2034390.51220879,10136137.0964556,9596435.0438858,2022450.49695758,1928248.21959229,2750181.96284108,3000662.42037515,1765225.41001781,1737394.25379475,2206329.64617974,2257058.20737917,3225792.6778396,3181705.50673685,4984357.0629087,5410468.04558988,4146036.15579691,4147930.05012992,2247579.96661767,2049621.01534847,1383293.36852329,1460188.63992853,1543519.65132233,1523180.4737615,4557233.73099892,4314369.95082872,3615488.93935294,3397421.94774098,1498750.74580521,1438590.57261715,2909710.74884536,2842534.32267109,2597493.18922791,2457323.45070125,1095656.73847743,1076698.35947488,5786106.60810088,5520668.42731894,1306426.2974921,1388809.65116585,7095652.34808652,6946948.84341961,2007328.67239007,2134722.86782363,4561486.33524015,4539669.83694765,2244596.67963425,2238125.38385757,2298983.64917932,2135320.71131271,2489153.74300308,2610919.81164712,6242184.43841983,5942155.14627529,3381894.35006753,3412436.20034305,4592850.70794036,4840204.42204079,1056662.15794232,992429.192435051,1734418.60161619,1679962.44510044,6339302.88837472,6176366.79445807,1839161.05860506,2008375.9451912,1743290.22557318,1665194.69754582,3759985.61920276,3739934.39113765,1408604.440384,1375711.74552473,2202905.45409968,2240581.75623863,4078715.11032075,3930705.07986823,2997695.55664725,3076734.09309947,13903.4441102345,14006.2536594763,50948089.892124,46643063.3877154,46321364.4043531,46310511.0021662,46292855.3280156,46900156.0800691,46946964.5597035,47598344.2655736,45962349.8120421
Mupirocin,2436802.42456392,2428981.17101005,295299.714662697,287653.180791441,7939121.57439217,6412899.43995375,5444874.72594859,4462059.58774783,168254.291575231,135146.567672407,31349.2306286412,39129.694944134,84822.014308804,101794.856748757,554161.530933543,478972.61121057,877705.019699986,63194.5607126334,1487979.10853513,1766079.24731149,56987.0236957421,3332443.75693318,98451.2369724405,111826.180867972,128129.961900588,103953.935068912,1381090.18445825,1302831.98289517,706741.158725128,686307.515003934,1399214.45173473,1492442.0330254,360286.812254201,354332.000663926,37689.1597721147,7882909.10119353,50718.0623985346,35193.3125812067,44466.2781396266,74032.2451172255,274347.202600345,233001.642594686,637035.94705931,653025.959019532,37871.7961154648,31726.3465086927,1050943.67974966,891079.436101742,287988.650186831,293150.807978228,578516.495103873,475592.789925065,3467287.62563301,3204082.50082429,6545542.77952363,6309744.94765828,955144.72040635,904941.512606565,1443156.00816833,1294188.25743366,101958.266248411,50694.1471256235,102265.304939425,194542.476080017,9271028.5018264,6971853.82505945,189112.763631923,200172.964943677,207713.687669977,234355.077046165,27534.1815939917,30324.2834037662,41064.4812731367,27559.6385879447,59014.8378350638,39252.3383134935,167543.069798114,170711.752677912,2285448.48855737,2631379.42700956,1019593.33578659,853799.567284631,9045421.11891528,8075265.28577185,548621.677637487,560755.528044882,28705.9039375177,253076.428342188,27958.6521596256,33975.6911467402,43508.1098052475,56193.0026411453,1218292.61539483,1257297.17695965,1139091.5564869,1131806.16818163,1066325.66390577,1232976.01623018,1142303.44201794
2-((4-Nitrophenoxy)methyl)oxirane,1918515.206304,2137923.42204069,265113.71735545,285904.478044112,216066.446905248,226697.78008961,518571.404476646,506385.938033596,283850.727285781,229798.38562104,805817.470456714,786668.265143628,525463.682366064,501901.645920884,234881.216420039,410907.297306154,1146477.23948915,1143747.10025524,463487.918405566,921582.35631676,393912.957777866,610340.75068095,2258406.0999414,2233578.15832621,298092.919399328,488479.982809016,2648434.70918898,2679964.08129616,555635.091781094,561705.87815838,4400685.65686539,4475554.7541008,1296129.20298522,1336025.33764649,449362.283593881,488373.628356759,841861.10212564,853122.179492589,2144454.99920754,2154178.52280512,9310247.21844539,9355432.31529088,1057395.73605049,1029205.53581306,1019035.36566917,914305.694588108,554569.920986903,509273.823966846,589744.053519391,606315.124531537,198689.876661728,181145.185968757,508345.045741795,497039.175966001,3421517.80600982,3526059.57125983,7587898.0126005,6901670.04607757,236444.673761293,273185.682198259,926714.775508279,797297.02793621,1471555.64221931,1399240.95639204,1388355.93617881,820877.319187494,2676731.610275,1394884.60647473,761210.516265287,492458.494496097,902897.343538931,946944.982807315,391936.540796862,470141.8527451,2300899.57532694,2459714.78878685,1214491.03436845,1136545.63875155,324577.12092211,343685.006242963,843950.855131542,853709.306915748,674454.120743224,660943.771865264,2472729.91151845,2435816.13916338,931612.912589941,928210.128583196,15916.6129363296,14712.6616041919,1248893.62269244,1317392.65205108,1342643.15115224,1386095.34013002,1354378.73769413,1340215.13324829,1339772.26775465,1385444.11697692,1416310.83391937
2-Methylcitric acid.HMDB0000379,1240857.81758423,322424.670906212,1266296.10539131,1071536.9147531,1473093.99954581,1575680.14214482,725943.571145932,1238852.96211944,985798.788866597,836844.795631901,418744.008247525,863507.45286568,1307640.3809516,349732.854146956,1143414.08228992,533373.781261413,1434285.57536916,947684.704598454,1346591.82265991,652038.172313525,1320066.41325934,1075984.50936114,526161.317846612,1115800.80916788,446690.045293115,896579.378657627,1259270.83449278,1161674.83738251,413951.629222557,1204103.07836293,805110.342266026,442453.993124286,1043054.96845761,1334377.69889135,845044.883344428,841267.971104344,681629.994399544,954539.962028307,1247427.00472461,1453796.24991871,1266759.07783555,301020.31122894,661279.389090009,1378758.6081714,1250010.76610693,491581.612699067,1134897.45933626,500418.555195152,434223.831524449,1151196.04833676,461807.108761212,319084.319012633,443004.156490536,495419.805067276,2442395.65641764,1965079.98198131,652900.500031406,493366.474188385,1126949.3831284,463611.048898892,304011.753773316,522164.449370423,1275482.96936077,1274591.29475546,1381634.25255508,605197.165596897,817993.231663937,843288.745553866,1139230.84503579,320426.359568026,450778.272125959,831279.665655327,800291.907569139,1292969.71642682,150513.043648445,433948.812868155,450030.312544756,403798.898377225,413923.484591587,1344213.85923484,375382.816577154,1371291.14662447,511398.460035212,433982.82441217,1768957.88630816,653408.906441253,433296.322976571,446260.536339007,527146.721417983,438633.335598342,1875847.87310924,1465322.47620909,2009574.89458443,1585162.60973248,1691111.67512268,1830769.12439577,1966066.14813476,1328822.30753144,1873604.29639701
"2-[[5-(1,3-Benzodioxol-5-ylmethyl)-4-cyclohexyl-4H-1,2,4-triazol-3-yl]thio]-N-(1,1-dimethylethyl)acetamide",8202.95559001735,7737.12495728059,13409.3238331196,10307.5076849061,1219316.13362773,1141020.16600236,101210615.021493,256347.049791148,12079.8300058334,17230.1928906189,46561.2261411948,39834.9470894303,248957.221006632,87775.9218315298,49783.6864847052,52142.9477620501,66363.5173909903,351827.720843021,34220.7508594098,28198.5328976374,107483.171943819,23603.2095107683,25307.4102245157,13834.7006979776,49934.9725974307,50438.8548851181,59932.1355124295,68192.8549225755,50905.5651883244,171574.329843344,7755.34257919037,7691.2662395116,20209.8224134192,73005.0610287382,29388.2201687738,19741.97277394,26146.6939501423,13858.2046095564,6539519.55295425,6289694.50400483,70608.5137894309,31366.4131201023,26463.2563132106,32587.1330315286,28800.1388882962,24260.2977219274,41743.1512051621,23492.1694633886,7679.63096475122,13518.0519186701,72327.8573880098,140679.223162083,240707.671226296,254409.458208352,44125.8839635834,39417.3926854668,124032.149999396,16057.1435503274,41674.3784870532,74741.2702386263,80841.0774155225,41882.4991417575,49106.2311610148,48797.5361950223,143053.604462584,1922452.69400595,81047.8191208011,52421.4226157371,26014.0602394946,97873.4094427475,18545.775734966,24069.8225267617,30705.406311023,20046.1695901249,20745.61627563,27212.1405523875,832576.065401648,574858.621751465,82996.3782791078,24857.6152092114,47413.7859819398,46836.7364244321,58822.7769021265,256391.225385327,205136.585480985,409548.900256344,40257.4099254648,22822.0845343513,8061.2272083451,7601.77648612393,9413878.10800111,7614413.29246643,101338.746098049,4211505.13268096,3504215.06098419,170693.524308961,1431534.93885464,464274.176518809,626646.401402316
Ceftriaxone.HMDB0015343,23485.7342693652,21614.8047906016,19981.711687742,20951.3264825061,20213.9524691978,20438.2120808688,21147.7980700111,20420.5824964482,272340145.89757,484290285.671163,22024.030298337,21219.2357237887,20528.6779828918,20105.8020143856,21043.4877453444,94983.9731782159,21732.5473106209,20550.5945673947,18934.4188450012,19499.154377329,20385.0600515569,21206.0618106302,23510.7168215265,20988.355573025,21485.0058392293,21689.7263021816,21396.2786726627,20534.7783812624,77312.9045726145,19662.2620518034,21496.8903720755,20470.0031398517,22302.3862689909,21162.6591817734,22031.4802869105,20237.3557012076,20215.5796151625,20630.4656267275,21109.3347707488,18829.7170577241,19479.9358041063,19749.6528642764,19306.4014130206,19479.3893698669,32907.7589076151,20903.9163296569,20778.0510877789,19444.2810943141,20206.5377107775,21580.9940489383,18788.1591386143,19846.8790603826,21158.4039083186,19417.167387661,22567.431775802,21691.1077743229,23244.8137720266,23247.5652840947,23410.2159869484,23278.9036666285,50312.4485009767,20042.42945485,19174.3931798013,21885.8321624025,21378.8699662047,50509.1078327978,21613.3946359501,21591.3631115948,93511.4401302225,20569.8191133784,22588.1223503479,21171.2644203962,22176.5564362702,20053.4807625871,22109.5654191206,19799.7790252153,582593052.908773,373877245.982047,20541.1682286806,33703.4672065733,20384.2332283518,20730.0789771322,20287.0540781141,32807.8907546717,671297744.918314,595477794.026468,20562.147721964,99473.1198481702,19800.8445675759,21796.7079920688,20175595.5243014,24564783.9358682,28600829.491802,34420778.806625,37062223.7192293,40990868.449729,43533068.0425833,48779116.637665,48560678.0907615
4-phenolsulfonic acid,154809405.582044,159937454.076061,40258972.864163,41226692.5445829,9857988.53845054,9570784.48894078,8349230.18444256,8141097.24885727,13415670.0901211,13703937.5886376,34837603.087446,32649589.815287,38691951.688636,34858310.2690923,26207531.7932821,27508780.2586895,75678773.6539038,78143299.6900159,4045088.27342279,4209636.63431236,18067253.9026786,17738155.3410843,48883256.0624262,47632955.1290608,37145869.6607719,39042742.6396655,55653442.2345312,57045522.1392561,34808915.0077825,33980959.9526076,34197486.9430814,34632644.8520009,11224808.0024083,11584611.3886226,27765287.1889578,28836020.9555421,29987489.8877308,30007758.0591101,92954558.2466834,93455736.2390356,68917167.7594466,70899140.0478889,14046874.2897665,13735378.1023074,36181111.7553532,36770178.2112639,29133171.7527116,26073913.1117417,86743394.8234359,91403173.7418538,7838818.2188744,7259242.12150323,9296060.40627276,9828860.43386536,30920629.02293,30987203.9060912,158250215.512118,145230298.301292,2767823.68183128,2627173.55211778,112737197.576525,102146322.040116,25208384.5840562,24708114.079068,64433099.8593685,64744345.5530858,308573306.347502,313318485.047074,31341273.7576041,28841876.6255338,33072434.8307277,34723789.7801008,26786250.7044292,24630719.8083717,28664006.0683818,28289183.8866977,9164993.31884141,8648829.76361462,38085512.3215908,38714876.8541118,24704580.247834,25064761.7279449,5961948.06175755,5812386.24603924,23448460.3126868,23247216.414568,76422534.9823637,75519713.9610756,15370.5418827472,5533.83098604266,47672464.3380469,50285657.7650883,50895476.9994225,49579393.8105379,51261105.3264004,50292431.8456484,53483686.8206323,52039878.8798601,51865978.4437468
"N-(2-Isopropylphenyl)-2-[(4-oxo-6-propyl-1,4,5,6,7,8-hexahydropyrido[4,3-d]pyrimidin-2-yl)sulfanyl]acetamide",542763.737154452,570882.08301449,312077.928554339,341618.225005911,738028.976666557,761718.921368436,130526561.132705,133024593.42389,26259.1217810045,21023.7091074728,93413.4906110518,122121.718000177,369529.981646422,330848.788027051,337361.460571442,330392.517386484,222885.501612063,287173.93170433,232290.806265295,102078.715272298,415180.060882167,478867.030486891,137686.30787837,157688.921021735,1050003.03395335,1005805.79791843,358065.252133598,343436.948822177,233980.297208633,222377.83780551,46387.834073785,40864.6348617011,42738.3532281874,62464.2516630235,115000.439553996,129158.407440399,103505.695719566,49104.4975202743,218474192.732769,208451312.790592,988826.40119817,844167.77231637,144858.390379829,134666.92796603,43383.3471459538,218932.310399981,168091.765078068,292389.217017585,279946.755890442,271401.986746493,96751.9416832607,85621.0793476965,954933.553588458,832962.775711275,98245.0912865374,36055.6094908707,563532.131560938,509542.873287516,2562099.0448601,2645450.433598,231830.126600716,174722.991449217,53895.432154548,96455.1179660948,690339.989862279,634682.885251249,443144.745117239,392661.736702178,327861.25954775,280479.257666103,667980.184249616,634663.625294185,107404.5255058,120007.496217936,51333.5163340857,372251.822118113,307942.423912321,647974.664860952,247752.222847203,257478.499621908,17361.4971257433,23218.8718770389,274091792.882215,265754066.848851,2387374.09474988,2056962.78094648,314811.095450751,298198.21208636,15557.5900328093,15355.6888683802,8394220.2935772,8572085.12275605,8626022.47900928,8681140.91114495,8729495.11668348,8646354.38577592,9018887.12480674,8744558.91527755,9253727.09911084
"N-{[(2S,3S)-3-(Benzylcarbamoyl)-2-oxiranyl]carbonyl}-L-isoleucyl-L-proline",18988.0522483352,26042.8977453281,140874.616277862,89162.4190377716,515166.210173295,19020.2519153593,369143.811914617,45879796.0615312,26618.4865274726,80398.4938653728,28605.8006871374,34500.9432594774,1162989.65868682,1104596.03879948,75464.6777286602,52487.9725908992,33758.7060907453,68569.4683565761,173615.501574777,48258.7736176985,104897.765608246,27604.5016400865,73358.3971835739,21654.8022212388,26428.4013820527,38157.3173682393,80036.1856554856,92453.041533432,87270.0572710979,374486.443493671,33155.3327794755,40997.2761362173,27906.076473431,37630.8813254069,77427.0025524897,57886.4799066551,68099.4274791116,85702.486679261,127271783.82671,120505886.606769,18499.1185961767,255645.898674978,35285.8387235592,13339.816886839,12511.2218673902,267238.840936288,15564.5439442123,12711.7231199941,22416.9154479316,24985.4877068923,15229.5483265443,71423.4233318358,38240.6135083349,20227.7155346559,12604.0258635367,23295.5209776112,13505.3510270126,47953.9077600493,27447.7433593579,106194.999664587,12893.4949349238,12662.6254720581,11461.7635551678,12176.4760545959,348636.172785567,338465.801786624,35921.957012069,47315.0671868553,145959.768692163,19091.4610075486,18415.0699406993,28189.508231155,15822.0972348934,22798.436496984,14815.2963047412,13786.9222338738,2176688.91253164,1701066.71582733,18284.5704696932,29530.83823614,67422.4541601483,37579.7164524905,265818.927466709,42185501.2299191,40482.0699357287,66816.486395802,115297.697877853,102749.488327394,11029.1383701414,32327.2829440877,31625.6727593501,2915236.00956288,28314.7582277295,57354.9567185221,25539.6142581256,33812.8403644937,2992531.30141956,2735072.19455919,26201.6086798355
Butyrylcarnitine.HMDB0002013,4977890.11928639,4993371.15288837,12490978.9416813,12430184.1222696,6039379.80578493,5881004.60918751,4011962.06127455,4013842.8521513,3378250.00894132,3677752.70850169,4858238.71748398,4873152.74036857,7974956.54548243,7750891.54304246,3836180.13944713,3507053.87203821,3541416.60656191,3790356.46735291,4665985.236112,4620345.06030089,4514023.14211084,4645151.43541887,5072427.65656411,4967402.34579233,3461917.19656826,3848615.95971426,4760908.20631803,4667798.40565151,4231951.65333913,4069831.04475728,2854752.39791821,2780352.94438479,2176909.142662,2126989.80027203,5069364.21677076,4796072.1523746,5449045.19581003,5378637.53178278,3230009.38519559,3156468.09057675,5604115.13143129,5257403.657477,4712535.33986218,4402465.82809735,1554155.08498807,1426377.61558373,5557623.15368955,5462415.65763398,2457622.99061459,2588073.5320814,4060476.43884927,3989923.18295327,4008436.94056276,3986131.38957702,20014365.8632947,20266693.1550994,12656791.7700584,12518119.9300509,9219455.9507895,8694430.66985381,2746669.46312522,2746618.32017995,4590333.20534989,4494821.26720263,4116338.10214318,4102080.46180636,6834415.66110785,6887178.44400156,4017890.26489166,3814123.49658546,2874793.30532053,2698679.47205704,5508695.2485313,5460320.54407479,2432415.64864213,2545936.53624497,26663148.120956,25393591.2373283,6894786.28992867,6809155.25087291,3619867.92201005,3534186.66942233,5133832.27816358,5063060.11511855,6437059.14402532,6588540.46376315,5682459.85188534,5879256.62338712,12338.9290921807,14376.7058231436,38409363.0681763,37967853.1724579,38683185.85292,38754481.4108274,38107771.5874817,38422603.101521,37793261.9191018,39095002.2615044,38127221.7919918
"2,3-Dihydroxypropyl stearate",249146.998570101,231407.894237658,1461385.4633653,248547.105049202,529178.40651199,651332.827113339,278632.659140042,468381.973387621,202296.73243628,239521.390026649,250896.839310647,246504.02831983,249772.324405774,190625.971787806,259127.415467688,374945.503646411,262635.214801219,1013819.31911659,316513.600303993,280795.727660427,669581.054818519,244297.302138546,246196.882454418,187807.631870286,236839.684017001,253195.863761168,308018.092797001,251720.402870067,276762.235588887,284993.789759276,2092158.94748647,265084.846776598,946490.715771428,858139.042373764,253369.13265684,251128.590637268,2365239.43988259,2458898.92761891,312428.929918109,518539.356590442,532467.936078217,193167.933406714,201480.146264548,266374.36550943,286138.582369527,292780.400725527,261779.633337213,180542.017181748,284778.774648382,245672.274087575,278577.891159803,239641.503643056,339955.244511544,294869.707774782,2115556.19584948,212107.237166782,777189.717311631,282792.269553747,270451.011064204,230462.209014716,197097.854812672,223007.775572792,180587.655433665,933904.340097502,544481.403369212,592997.940039431,268166.273584542,285909.452234482,270385.363719513,279955.576159814,229976.089806097,227090.337995693,287876.878261816,397305.782452809,280094.285230287,280110.779602337,291277.483470781,962564.941790325,239526.569686963,246972.517263116,1323801.77191111,195339.451914539,250772.130574868,235438.379113971,288574.542486028,263577.060490378,225368.576858604,247329.89490092,176694.228648036,247108.505488933,339466.668811062,162930.835226496,199920.113606975,237428.623363999,253217.836328278,230220.918876481,245458.200676323,258728.142570955,252838.44736563
HO-dPEG8-OH,3301617.72655803,4740291.98449592,3579169.04801802,3383649.35767444,3378057.6997543,2689664.56567574,2712626.02868958,2747433.31088369,3583705.4740811,3541398.55596526,3868745.11266877,5440898.07940219,3648402.61225732,2626474.99999574,2562789.35456234,2549212.93277712,2339486.82756912,2224994.84132679,2844927.24207942,3151796.98608412,2533203.76911767,2493101.65832674,2368171.15390535,2625673.04923354,2319437.95354464,2593742.2773721,2737739.51855308,45518.0236083112,2562642.34454897,2335924.71009251,4929669.60911364,5175560.66547034,2923416.30492508,2778001.28412138,2885977.28940822,2764454.29414024,2356217.6582663,2357116.98480345,2396431.20666338,2560485.96238892,2583476.27185178,2963239.68109375,3704314.78363286,2715753.03123173,2748885.43569301,2650853.62722498,2860269.88565418,3416318.1303558,2717234.72979735,2402458.93683427,2496937.1610661,2599021.06028035,2333957.93704678,2411597.83548342,3277092.19378123,2512935.66559541,3980453.97689282,3150746.6069819,2834242.36473834,3236349.18598904,2787616.50494441,3116264.86624413,3087898.03965268,3073230.98380262,3122756.06884243,2993426.04654096,2809589.37308339,2464405.09243271,3392159.21660548,3357306.22441532,2723507.4261555,2406860.02744593,2353216.78414313,2332161.90456456,2374686.81763434,2419552.92072402,9164237.69782272,8963544.86724307,6893355.23759952,7189517.51833747,10252054.3254957,10287293.8288802,15345079.6095428,16295439.00197,11851355.4491906,12237248.3312724,7359013.06750549,7191433.69659036,2485145.93602642,1514722.87631656,4866898.14250905,4416732.1139674,4273236.60758789,4288669.52151534,4294542.15840429,4287571.96736147,4344867.54366014,4373993.38649443,4221979.18871049
Glutamylphenylalanine.HMDB0029156,747807.253066275,797749.067283133,417564.280981947,461225.917615421,560958.329943228,421128.498760351,1231857.89182921,1202075.29906048,789587.894543396,912398.68725754,438058.848846583,472169.063148003,883414.545738457,820259.717543468,812384.332118087,840516.997009313,978107.642213617,1059915.72249504,512256.809610243,549846.096987311,993527.563821594,1194153.01159493,634864.915183374,516395.268734948,466430.456646422,627689.867602127,682386.237041753,695546.710255981,435042.990120893,423796.640483594,676334.389942767,672317.831949939,618271.926506466,620785.049162382,624061.021063387,627153.091074294,592110.048673631,546337.693564396,1735164.20017515,1522976.24081306,698786.085119701,661138.798763794,13636683.1387865,12703408.3612472,533486.545962282,524360.981840394,710537.852997284,650069.461915577,864318.662107604,855336.0604485,424285.552361011,448590.289799514,451585.435719553,501019.105272348,1397843.06772766,1327352.6822281,1213260.23234656,1173514.90638627,600095.254093097,549828.583616346,621371.215130631,565997.643561968,416797.928856404,408485.288682749,555427.495983009,526444.779857221,578401.394776392,568506.313127786,604710.157663651,612145.303112686,619340.9895285,577970.968290409,478834.875249567,460715.73026821,563139.073529003,604971.839937526,654407.289069377,596660.909908461,506414.1098221,470650.715348417,561022.475807374,503464.531686975,1056034.63194622,1037528.50580494,433504.105435795,432048.482550454,519241.363646432,682184.419560073,34869.712624991,16161.9830068617,28315916.8318868,29333203.2913963,31349829.8242189,30997290.7824947,31611908.4907809,32798810.2340676,33133435.7252246,33634052.7775474,33055737.4802594
Decylamine oxide,15409088.9252977,17648080.0300142,10206429.2740786,10298434.715952,15156312.5653041,14969606.8432366,3005438.90121144,3078567.52928948,1906617.94804856,2631559.67900256,2118543.19748101,2177171.99520095,2673368.9885228,2564340.75775872,8928241.68944608,8472998.37681317,2573065.28263444,2829256.32879461,4242724.3608691,3940852.64106723,2277309.10815228,2462423.25546817,2999139.87303256,3161230.94066975,14083020.9807608,14481384.581135,3363731.65599003,2708707.14970302,4359882.4172227,4015796.27529126,4172357.81415009,3336476.85727309,2605547.34325047,2544009.77294199,3915854.44210551,3870619.39728239,3040948.74720422,2931177.48964979,2527177.63854594,2617846.97089014,2688533.14135682,3894635.05441028,2159638.79683746,2218915.35556965,2061980.58122711,1937819.13030306,3119769.55866091,2750746.29540662,3467867.42976924,3913947.16801938,8805779.07138799,9797785.8075861,18983722.950806,18506091.907635,3561830.23929034,3135660.59033614,9527345.28753538,8758606.14705994,11811653.1492133,12108631.5171732,17522461.0205629,25216703.7729839,16945677.7351723,15640344.1883594,5835616.48232901,5633890.48107305,12663779.8819331,13715650.1996708,8817881.83599606,8984269.99775738,2613783.51316822,2581873.57955261,11796923.2644505,9701092.06976926,3652564.97348701,1504349.31862641,1687173.5534537,1684114.72929067,1819428.04916537,2031397.78153208,1488903.67291068,1507530.8789056,1812314.62581604,2062864.90031538,2653601.65110562,2540932.21412616,2824435.76984991,3285364.19310221,1543206.89117313,1387079.07006288,5418383.42163224,5086026.4784739,5290061.71712561,5213110.59773361,5224221.74172553,5220249.90725874,5264979.71042684,5043668.8700715,4962700.69736447
Butyrylcarnitine.HMDB0002013,4166061.59629679,4088263.13706904,6947098.20948696,7066449.56685604,1383259.78529144,1442275.46837717,1541900.65568215,1590517.84018882,4858958.15433558,5353307.55969904,4014930.09607344,3939993.55136678,2602152.74838941,2524456.93675126,2935389.00257142,2833852.60220335,4000813.27829033,4141860.2224237,3379958.49038544,3397440.92402906,1427570.92322334,1494207.31815332,2730367.10963667,2582783.91922881,4509002.28849336,4788011.14409296,2606559.82672627,2573746.33338907,7108411.53685381,7040127.88374048,4428036.37358092,4609396.33338515,5034470.62114399,5061897.7030077,4649377.64681369,4431833.84265406,6094178.59329399,5948781.19173402,1640908.68914821,1543410.0956309,2066712.81833239,1990150.58779825,2406570.54589534,2242242.91165346,5356796.66940344,5231361.02912081,7874796.28679098,7640951.45392701,2003780.13697053,2019234.37266954,757006.551918186,707523.125346628,1261805.53100792,1238608.5418842,16754893.1165336,17131721.0267266,41107053.0977098,40349295.3401012,2541059.42843299,2306993.41286522,10453027.3681172,10261379.9235618,9336123.91916094,8990552.47864091,3265425.95569621,3403993.31185195,6307895.54890835,6416421.36452197,6709270.29351824,6537693.20862733,2843891.88969234,2725807.54959037,5434644.24315598,5463850.61192463,6199038.34174463,6575101.41438396,10762533.0014489,10554999.0596639,7692612.54102715,7175576.8145641,8366261.00070457,8068026.3789217,5993272.11922009,6239088.48842416,8181778.19510002,8436410.56805425,2129193.72331633,2186402.89971065,13727.1412818752,12822.2115449622,36625081.6913042,34935508.2128632,36139570.8980792,35198448.5758024,35811095.0165005,34995463.3715654,35537367.9400279,36210894.1911021,34978683.3566036
Lamotrigine.HMDB0014695,75848.1588542104,19093.7925861243,22038.4756537596,18156.8775091133,80602.7411886297,56516.1414870122,22387.1915410105,22235.2195792602,22919.9369634049,22955.7156565218,14104.6448958667,18495.3976643094,19011.4147801048,22558.1479920443,25092.4852794253,20861.9529173747,34759.7147203028,21304.7760622855,23492.5784199589,14487.0956867799,22279.8279787139,19596.7417290992,14426.2536623479,21374.1015306772,13612.8956654242,15215.2910071429,113212.825890171,22971.3064660884,24119.4255948549,44981.3142536747,18682.5039695958,14685.7207991341,23464.4011865835,23555.0523676284,14747.0394926382,13813.6926502273,77234.4036023141,21809.2078818342,18257.7132622784,21122.4637757767,21945.5948856721,22365.1315418968,133354.02613988,33127.0149949904,13910.6223901632,13768.8256064307,14899.0340685004,21455.3052896675,21998.5546507277,16128.1409146343,14775.2339428822,14178.2579173452,21720.1271691267,22131.9425542447,27722.5478175972,20567.385572637,13801.128836181,17538.9470825592,22353.1282274823,19309.7503835219,21389.681197744,21546.8348065793,21129.6547500969,21770.731217928,84524.1815781078,21865.9822321343,35396.4649691004,82666.3881159467,17870.4238885392,52520.195541013,13705.2601685418,13854.3455693935,14522.4377360383,21212.9355725235,95688.3097246993,13896.5800355827,14290.9134821864,23189.4547768481,21379.6328832943,20537.6062561674,22160.4636390933,21227.4513024275,19921.8816807068,23985.9694798658,16982.2586482811,17861.1105371885,15109.8543656046,18026.6269412268,26124.9370292174,10686.4771535923,415334.675915033,328287.078694991,335861.557752975,343728.400820306,350038.127631228,384636.23210187,323276.499795734,340643.312578341,312879.845134545
Dobesilic acid,11634478.5780228,12178558.7765685,2456751.4849164,2479320.57515117,554728.109260494,511549.304529997,1008874.31139825,981693.317396418,241443.933788339,258095.343056003,9094179.52413084,8430603.87850049,1434757.06968738,1317080.44916288,7745988.07754539,8541791.79245778,9903862.33388982,10346314.7605445,1796667.91453034,1914447.32122319,2861011.88125541,2948188.19499849,21330847.0429536,20748223.5283214,4076544.27263149,4331571.59810927,8731154.67738841,9233090.60362924,1067573.62430573,1011719.90123259,6605484.14743618,6811549.63485112,19849711.0880381,20340096.0505871,4502721.74554296,4676748.65335102,4201272.65387029,4173013.97105779,733393.306883233,691425.556719515,1180122.73358912,1178389.60435336,7019623.72024412,6580963.63154055,33713921.5512415,35000335.100335,34242225.7060421,31959741.3301106,8701875.68385265,9413757.84634763,621720.821164411,619598.196803638,669101.123187746,791922.880187634,67415260.3800544,68171581.2864835,89384043.2921389,80509841.8087792,961223.283272215,926495.439489856,3208598.37271505,2987360.22255639,7504817.73738905,7330388.56350643,18635791.1199748,19268575.4610926,6061781.59150483,6123366.8085464,16757252.4126873,15350049.8784742,6607869.26434661,6479643.86267016,27161681.1342156,26362962.8246148,14307723.260848,15448516.618455,1010531.49781772,904030.139569378,1128666.77102937,1211051.4872163,7422659.63095835,7635809.28815411,174247.906416344,155922.750447315,3501389.22842676,3714150.66553367,11069862.0709885,10662977.0943078,6031.20156567208,4658.09868984815,10920337.125421,11452221.9419676,12144337.1004222,11441281.5030821,11573453.1204093,11869867.1162036,12317297.6346473,12219826.7406764,12841424.2156382
Pyridoxine.HMDB0000239,64511.8074000891,13123.5087684424,60613.5313465628,43922.5376774909,127361.962281315,107854.543612321,115334.516888216,13483.3159459823,14655.0704741224,60063.4625287599,60866.79687476,65917.5497149239,15136.1752428525,14494.323538826,15024.203079208,66815.2091225984,74870.0268746273,83703.2386589754,98083.2039566003,79551.957797623,63765.1230660403,14635.6439062292,89102.8441570724,52093.5677150851,90718.5695856463,84908.8442232394,13862.6725384911,63717.2120215542,51118.791704815,14349.7002147947,71303.2376406285,81157.8728687084,87137.0571012158,76514.5266011545,13964.0796664993,14466.6071849004,70233.5715787537,59017.6180266578,15564.6240274613,115359.359067181,78293.496458214,109775.224514616,14922.5246962596,74104.1237019504,84873.8395953612,52575.5760349809,915282.082108764,764347.621862704,69795.3489989695,98020.150258664,85992.9585692658,14347.2885505782,179222.881231995,164672.286247916,319610.596466258,378476.516661645,1252157.50481897,1119922.70202188,82607.6376637782,98233.2776325712,46786.5116133253,59237.934774715,62766.6359554208,78932.2003635385,54325.6095461769,13401.4174515779,57029.5751702348,52440.9237889599,16057.0916249502,61453.4801817566,52732.9375307425,14399.8536291594,83518.4258332899,83013.1141406565,63106.2083392337,70785.9012334831,61841.6122930251,69937.822324471,13987.4975603032,71281.8198466788,76873.6104043503,73624.6016201314,128343.736716572,102206.630831843,66860.4672408386,13847.4396739939,14700.5495491221,14788.9293010954,66451.6542096302,13485.4299367681,285542.993475627,63632.0758618419,426437.664634908,304458.492508801,354815.92672785,326140.701066184,77177.9602496015,421084.53962358,357914.802518241
Methylmalonylcarnitine.HMDB0013133,1217727.0575841,1251956.93299105,547199.480674717,540773.855135638,926623.390301371,929312.965336456,835706.856043504,792821.46853388,363314.674480162,469138.724342002,535093.393439894,572825.396912385,695915.469318874,647344.47498699,675741.623200634,611329.267246209,656911.174348161,773416.883816645,527205.368910301,576853.128036206,811525.555361912,886625.059630184,606364.166137844,619616.004193998,482241.405854381,533139.18429605,1131419.75370195,1038534.16733724,689127.886486236,643284.215659916,584893.226076992,570004.319405926,602333.483138781,538168.409111099,1064296.08966129,1079684.89162347,638497.927520236,671644.170977777,1041091.8354059,1045521.47206404,322234.794087307,296843.123221899,680614.079178608,644159.185797111,696776.549983629,667298.654367387,876928.067720634,687975.44213605,676626.718563926,679538.150461879,498992.949972261,479132.953626528,681914.079650477,666836.887681794,30363671.5549576,30201566.7649638,1894505.7453575,1877692.15309949,600983.34858035,553097.580960963,809611.567800101,784651.454000019,572252.371853835,578740.095185865,572751.011232039,523157.374377828,546263.789066772,519813.275557372,528690.807888837,496745.007927985,668339.861162674,598208.685155408,676370.708617048,619987.019293401,832086.976830214,867137.586207049,3029348.10269931,2850608.09641882,950101.288638738,937180.22446991,434780.623713742,481671.855709596,702424.468824724,617108.543339574,2881738.90620877,3028943.87072367,870441.043916793,941329.494849119,13919.9232736362,17293.8489823481,26376273.5383979,26411724.9793054,27947047.5284426,28515557.7175659,27840977.0816851,28326223.2293386,28471645.1707403,29209858.3054544,28420547.3766081
Kynurenic acid.HMDB0000715,414758.747705059,372068.420942416,745534.614579508,685452.215541972,859678.433745551,762259.088635072,2056122.41534485,1939644.38846166,457546.180372103,532364.44475676,429728.173968167,413808.500919461,2146491.41986417,1975321.30593961,630846.7875874,621776.616196329,421837.412874793,431090.546386697,351453.572675406,458538.628318795,338965.653417921,392994.337453544,540413.422556494,434264.620270809,537031.309842531,543829.069444948,521351.10264093,592436.948566146,792542.956624045,640615.158601698,528115.918514137,462615.679816256,620855.802342786,636956.460061621,719721.039493594,720345.723278163,1167471.01711611,1024252.19994051,3715079.60295529,3284350.76567711,903756.054054718,907374.080198268,372401.929012972,303183.148516165,689133.272755456,659122.238195605,537011.425676631,414198.553488247,335538.55280051,325829.162265546,460678.160687377,443076.234343821,481020.466974727,504583.19571637,1597668.54645917,1420502.01431216,4205425.80934134,3962100.58229135,579867.436662327,598834.525177322,809768.425277551,737279.325681611,280258.058628956,350967.504483866,693382.363229379,678213.71057007,1806981.41058882,1909088.98380472,400445.489598195,311626.451797688,473100.845526079,499704.504503926,666091.441021809,553910.695080003,762346.304063235,890080.828245067,1501696.08466939,1364610.18201879,515529.754541908,505257.218469323,565051.467997518,576317.557728038,3576143.58217072,3647540.21619408,3615159.21419786,3410941.46450282,594250.700688588,528578.326996151,60617.9103392154,47438.5577171463,20810546.3448708,26016008.8213764,29046578.8906671,29733593.0086745,29973027.4837387,30250518.2660116,30303057.83252,31407285.4732694,30236005.1277293
Decylamine oxide,15399946.6305507,17648080.0300142,10239632.8250531,10298434.715952,15190225.3469833,14811696.4826286,3005438.90121144,3078567.52928948,1950836.23755183,2626383.79990001,2118543.19748101,2177171.99520095,2673368.9885228,2564340.75775872,8928241.68944608,8472998.37681317,2573065.28263444,2829256.32879461,4242724.3608691,3940852.64106723,2277309.10815228,2462423.25546817,3014449.38756707,3140126.76390328,14083020.9807608,14481384.581135,3363731.65599003,2708707.14970302,4359882.4172227,4015796.27529126,4172357.81415009,3336476.85727309,2623717.96998923,2544009.77294199,3915854.44210551,3870619.39728239,3040948.74720422,2931177.48964979,2527177.63854594,2617846.97089014,2688533.14135682,3894635.05441028,2159638.79683746,2218915.35556965,2061980.58122711,1937819.13030306,3116077.58414017,2750746.29540662,3467867.42976924,3913947.16801938,8805779.07138799,9797785.8075861,18983722.950806,18518566.476738,3561830.23929034,3135660.59033614,9545746.89943474,8758606.14705994,11825997.9203873,12108631.5171732,17522461.0205629,25216703.7729839,16939877.2932721,15640344.1883594,5835616.48232901,5651191.10146356,12633836.9102951,13781602.1365682,8771960.20105536,8984269.99775738,2613783.51316822,2581873.57955261,11796923.2644505,9701092.06976926,3652564.97348701,4108292.73169142,1687173.5534537,1715930.8010851,1819428.04916537,2031397.78153208,1488903.67291068,1507530.8789056,1812314.62581604,2062864.90031538,2653601.65110562,2590095.20944048,2824435.76984991,3258424.04581095,1543206.89117313,1397095.81993883,5418383.42163224,5086026.4784739,5290061.71712561,5213110.59773361,5224221.74172553,5253017.92848809,5264979.71042684,5043668.8700715,5004770.26155063
norlidocaine.HMDB0060656,397808.625058909,405577.195675915,36875.8391011507,64072.4401718489,35990.0330592304,415219.374507468,26544.4310444841,35101.0255942952,9760862.59257442,10661843.5453503,73413.2962696458,45931.9336060815,1035605.03893476,971577.7082136,237770.069910376,256691.648523319,147740.495229373,180784.300516932,33710.5393506518,29740.8102556472,296879.986660239,338638.550502816,29957.3075675842,31645.3287388723,466331.278639007,458366.809954227,46515.6590164204,463169.793108334,163122.995025061,472837.905194178,238939.329667838,297077.080288993,62176.1886376067,68101.2773067466,1096862.04463794,1006408.48188389,42615.8723423552,56534.3770072438,1619627.35705005,1515902.40416306,125092.192482499,87272.5301320842,82269.8333659947,61067.0768162988,69890.6970749998,49897.7193354252,56550.4990698544,63582.4961375595,49581.43993325,504131.791304356,690926.753544079,642004.238139271,475653.34800478,448969.585820692,36094.7607879434,36590.3448760271,35308.927308026,31520.7369175484,82911.4629337338,78510.6505188571,77015.9705037173,54781.9557594907,51489.150859651,410583.542520659,302951.831880295,260173.773128835,67362.191074836,68253.3768145484,86468.7233791395,107909.764002537,241274.334497406,157754.308680165,57091.1559789528,444533.197056087,82764.0786474611,41615.5061972311,666611.871739578,646976.100020607,1172834.56204783,1094635.30920528,2058186.4881169,2103944.05383931,37252.5081691321,50758.1929202929,805479.240841343,785563.589742162,108825.86532991,85648.5648984405,37014.8508240631,125182.924244363,496793.293046822,437180.70486485,453961.426399417,539645.910038357,447156.317523328,441660.301571492,553986.000932217,594875.843882427,531048.058094336
norlidocaine.HMDB0060656,397808.625058909,405577.195675915,497303.307676788,491175.928559196,466850.026423542,415219.374507468,486980.322714995,459970.65739312,9760862.59257442,10661843.5453503,439734.660492658,422760.459046978,468652.053962547,974166.422839871,531188.492177552,256691.648523319,403393.235629035,180784.300516932,495281.475837897,486559.802537415,296879.986660239,493614.322678038,466234.578814165,503164.294784067,466331.278639007,458366.809954227,407257.021129059,463169.793108334,518709.37576519,472837.905194178,570685.829225255,297077.080288993,534460.778271663,481992.308440365,1096862.04463794,1006408.48188389,483811.271331314,470331.419978483,1619627.35705005,1515902.40416306,438905.180049246,520930.953992333,426513.267386261,443155.042127215,468431.445230752,428792.357403272,449087.771022274,440025.84863002,460588.127382753,504131.791304356,690926.753544079,642004.238139271,534763.35025509,448969.585820692,479447.813646816,470928.108286081,509103.642821697,477762.485990309,82911.4629337338,497175.832606281,464866.71615861,424519.86949971,465784.396962396,410583.542520659,302951.831880295,260173.773128835,495738.119348482,455374.829545333,474114.70992271,420288.29768772,402181.189992032,447262.499117781,476959.493413626,444533.197056087,486247.927297587,479506.345407248,666611.871739578,646976.100020607,1172834.56204783,1094635.30920528,2058186.4881169,2103944.05383931,434977.504037433,453377.012178754,805479.240841343,785563.589742162,581077.191017193,588376.530979658,601298.903264784,125182.924244363,496793.293046822,446879.782267409,446742.532148815,539645.910038357,525964.658990559,441660.301571492,443906.481008613,594875.843882427,467173.563266042
norlidocaine.HMDB0060656,397808.625058909,405577.195675915,36875.8391011507,64072.4401718489,35990.0330592304,415219.374507468,26544.4310444841,35101.0255942952,9760862.59257442,10661843.5453503,73413.2962696458,45931.9336060815,1035605.03893476,971577.7082136,237770.069910376,256691.648523319,147740.495229373,180784.300516932,33710.5393506518,29740.8102556472,296879.986660239,338638.550502816,29957.3075675842,25977.0808164439,466331.278639007,458366.809954227,46515.6590164204,463169.793108334,163122.995025061,472837.905194178,238939.329667838,297077.080288993,51039.3142199709,68101.2773067466,1096862.04463794,1006408.48188389,34982.6026152404,56534.3770072438,1619627.35705005,1515902.40416306,125092.192482499,31565.5975368729,82269.8333659947,61067.0768162988,69890.6970749998,49897.7193354252,56550.4990698544,63582.4961375595,49581.43993325,504131.791304356,690926.753544079,642004.238139271,475653.34800478,448969.585820692,29629.5395056787,26214.3994740166,35308.927308026,31520.7369175484,82911.4629337338,78510.6505188571,77015.9705037173,44969.521530015,51272.6508726961,410583.542520659,302951.831880295,260173.773128835,67362.191074836,68253.3768145484,86468.7233791395,107909.764002537,241274.334497406,157754.308680165,46851.2565347735,444533.197056087,82764.0786474611,34161.4312977508,666611.871739578,646976.100020607,1172834.56204783,1094635.30920528,2058186.4881169,2103944.05383931,37252.5081691321,50758.1929202929,805479.240841343,785563.589742162,108825.86532991,70307.5775012042,37014.8508240631,125182.924244363,496793.293046822,437180.70486485,453961.426399417,539645.910038357,447156.317523328,441660.301571492,553986.000932217,594875.843882427,531048.058094336
,17245.9099573293,16391.6282107853,15791.1406844024,16640.8886845234,16810.7506759307,17599.2035813288,16736.8543447643,16418.5556494021,20804.827968574,21360.1336121103,15650.4349098032,15985.1853621748,18928.5069652973,18648.3713077788,17911.1308592819,17108.8933687389,18790.0576116841,19047.8946149347,17398.4597076945,18339.0077870344,16956.4326578764,17420.0350619005,18571.736397875,17602.3925167801,18551.6418153961,17737.7158240894,15329.063678714,17894.675753302,16708.5732352907,17132.7385239562,17565.5989008121,17352.4311352973,17075.8084600397,16459.7578796478,21836.368258108,21556.5733445617,17237.4960442955,15602.785971964,17279.4873409423,15263.9021715726,16399.3426615447,17575.36810857,16707.865678279,16484.5509383443,17641.8056627861,16083.5288514833,20150.6493473953,17940.6729878411,17410.9819122453,16239.0174673023,21103.9823578514,18984.6456950868,17216.93460027,18311.3097940347,5983092.69484583,6981744.17812825,19118.2278994219,16536.1211978607,17059.787504949,16986.11553983,16693.4436264467,17320.449618479,16170.1536569441,16092.6745801967,15191.411047477,14962.3631780486,21373.0288660041,23055.7617352324,18137.7685060328,17956.5303147561,17422.0887645497,18899.0276252991,19972.6888846179,17079.6508877675,15963.9861064235,16328.4436587651,19240.3920167287,16673.0562807125,15855.162240268,17199.135917865,15011.1692348351,16238.2517562168,17740.8025299405,16904.5921702023,16882.6114290934,16921.5218776178,17591.4673955379,16994.8246126426,16535.3329831816,16693.5019413369,16867.8071194235,18636.8415302245,17965.0579795096,16644.228991908,18283.797129622,17045.8764677675,17410.1521730235,19831.9450488809,16560.6346501444
ATPA,28512185.2735506,29735346.8662356,18465219.6783359,17944394.2752175,52370273.5235925,38252107.118088,108915590.621378,101575236.565624,19515575.8141712,21458641.2069878,28111883.226427,28536360.1567851,42303588.4835968,40217580.7871555,56007274.02581,38287912.445649,14449354.0819356,16839382.1382446,41013003.114295,42615090.2899212,11190725.68878,14789082.0605802,22808160.9999684,21314085.1415406,18636935.1305191,17787506.2884642,60698147.8414839,60295629.6671739,42947396.6200101,30537776.5684469,12276252.0388319,12091126.2829044,10726390.6043967,10048548.627802,40027988.309774,33296712.0796959,38080865.5068849,36477304.2671423,163754459.372005,152838655.467479,33702666.2360331,29447809.590199,5206599.60438484,5836168.78197425,10439550.771465,9708908.98970938,2180996.26986836,1741154.67748328,35724268.4238093,29730727.8463634,43456976.5718508,37774061.7711548,60078492.8334561,52807588.7354346,95426910.3014815,70381939.4578285,20485448.0451255,24344292.9105817,59094416.3705692,80152712.9758053,31081647.6352397,23515311.5083724,3399169.70968195,3302145.81533962,48238887.8930327,52917028.3612703,25522357.7386914,25725310.9533763,14918874.8404574,14300971.0592457,42093025.1333362,33222002.188408,3905004.83486455,3918669.88638412,7004025.54166175,6270162.04614043,79683364.9902307,72226735.3491533,4404938.43566494,3813007.40360029,14227993.7301371,17559679.2073583,103087613.153731,87034262.6527792,29633487.2976095,22141817.4037694,46327591.5644699,45252864.9894668,44192.821512106,26069.7021889456,24043930.8310102,23953720.2668723,33313725.196408,33559627.0178256,30526083.9774027,35036447.2584717,27356581.8627747,26803738.8238306,27897244.3029077
Trimethylamine N-oxide,9800232.00506046,10216854.2895169,6629662.33924545,6887276.27428324,297964.234444932,319518.948349368,662035.748842004,657680.09060415,3038499.75306911,3155384.73477271,9558151.90770739,9269639.35897486,1466537.1296019,1494478.5040548,7062757.92707323,6717392.00799132,5500633.63232904,5417460.12271098,1871023.98962864,1875447.76852689,1427959.08197361,1462236.20477537,7328639.59246228,7004874.01100089,5569700.26488782,5959398.0666736,5947924.99552554,6030622.77019231,1780790.78228728,1977969.86490882,4308590.35046107,4506234.47239446,6762535.72211963,6748619.88246677,4682683.10769747,4547794.19162516,14978315.9505111,14468918.5561457,575332.23598642,642304.267715438,5878809.24478382,5697919.70858075,4777005.76779436,4539268.74785724,29833209.8476359,29149209.2480781,147766416.496495,145826520.630864,9727559.82143464,9944650.64189688,2249350.24045858,2202359.22414608,3290581.55135359,3430147.40813855,25812385.670421,26948933.4537443,69957287.8919137,68627885.6735923,411624.572825051,393169.578427339,13124706.4258263,12369160.6886291,5759971.5702299,5787541.33385124,7893069.49226448,7311909.77065983,33171561.2172097,34495873.9738179,12755853.1526198,12512121.0279589,6186823.57880133,5825126.41331302,9090703.84975716,9059519.61527961,11801770.9734073,12469019.8865315,9861504.30427822,9650653.07114615,17730846.8831251,17464288.8546505,13694921.4034911,13235767.0203126,825947.922248088,842362.591748885,11438913.7108442,11766512.9034577,16188479.4681061,16047701.4802383,127235.674487791,110827.422850667,15791026.0524035,15119141.4921647,15655081.3058326,15595592.5319455,15818448.915193,15457894.5136857,15816846.0798587,16198009.8550689,15053434.4562162
L-Tryptophan.HMDB0000929,600531557.926464,596711379.183811,327424175.55748,320605553.405451,465433268.293447,442475149.027247,291097997.428563,274494549.233262,255166324.959786,287411790.896177,651717119.20218,673453054.669995,213967546.179029,205517474.540036,578450724.176096,563558915.277363,423778102.297451,459802152.283754,575420960.769828,604386369.80531,510462904.91595,583054879.250736,415517360.006635,408050556.026764,536424809.637264,559940051.123014,584443550.544051,587028541.951448,476824467.731568,444044419.000737,609221623.887634,626962567.177383,576980911.269583,585178596.503691,403313608.158438,392715308.176852,378177128.372494,366521441.065699,328471594.414648,299023722.098095,341181775.552496,343819837.984097,424622240.339296,409512862.909124,534823547.465982,501642641.308102,496627792.505179,422892664.668288,402244096.927029,413770968.303813,263020692.251228,260417847.196382,454851314.026033,462130762.150008,637354929.687342,612506210.305529,440027851.775009,430519301.563039,615123398.353374,599331165.145811,520429539.035967,511264021.785412,557627571.367644,550041893.267523,800558032.092841,788141913.373747,271810125.665444,269790413.462412,528238097.275247,517772386.159787,571943418.783223,520492321.961835,385073208.293758,362383494.917951,630846036.41243,686031230.015508,306220235.020231,278356035.985856,391015753.949116,386759198.777144,695899073.861366,686319288.718043,559772647.461048,572485056.848916,112118313.386461,112264081.052357,526200939.917217,549225462.281138,665556.830549847,340142.922487839,398223291.540393,412428818.305521,423779310.407309,422269403.275113,440184404.181258,434911726.694537,434018586.441636,463801515.219423,437414187.940098
Caffeine,228501.663359735,418190.394793282,1600537.67787064,484694.038489303,30743645.6128094,31796483.272209,67458839.0393657,64679628.5798604,904534.450598294,506145.776208305,1132435.58698232,1191747.22478584,1705574.61334393,1637254.29613459,27184884.4108133,27630570.9124378,23998340.70674,26176930.3130515,14499800.1428674,14500701.5046585,20827215.9215585,24253438.3747335,16465721.5139325,16687635.6579322,13202068.2371646,13707657.768458,644785.944484944,600592.319013963,522544.086771992,616073.660877037,6561068.49328266,6420497.22856693,7977885.84325984,7933291.97196205,550889.626717616,954374.492037312,797949.540540352,772164.450463753,971234561.883252,875301971.185622,90272350.493235,96706306.3680583,242061909.263305,233533798.907382,44737948.411406,44531293.2335529,940618156.584613,851089322.136391,2816530.53387689,2743115.10223405,707896.413393017,604596.418923141,213267.093198145,283637.469456717,576539614.107265,551701346.035057,382662646.448844,345212131.692117,9809404.11381455,12201948.4517505,35625849.0553562,32319161.1831262,47127069.1833225,46942269.2491337,11311522.5917138,10974239.6719398,1393984.20350897,725450.042601965,710469.847146375,597733.915582805,627288.113927887,723051.091312845,275387518.916224,245558855.072614,77708621.5926642,91451639.667968,114636.443953427,1252213.52222286,551078.127595109,708333.712570481,1035632.97771559,922350.427552702,31194554.8153508,32442391.2599595,10144599.2125816,11315294.1533193,32290056.9453276,32913185.0053702,1183186.52831002,596019.711126429,81010584.6120716,80235695.433967,87152357.7740888,86275292.42264,89929885.201233,92176822.4679024,91539105.4360442,91527617.1147371,88745257.1028323
Chromic acid,37620616.9342338,34473779.5464126,33776340.3601713,33069064.3020402,171891717.886119,42849489.2886648,35663210.9283355,66383786.9675723,38972516.9266531,34284771.3560178,172579741.868864,32458805.3224091,37807693.7815425,33786235.6484355,195302417.095282,38689631.0140143,201615769.997664,35299213.065578,33943989.2587438,33420363.9023268,40429614.127392,33262638.736363,201635436.110252,37015538.0810981,39507239.9148844,35887914.1221039,37483680.1080282,39979540.1928842,31984751.7252834,40638414.3939432,34832084.7545614,35013451.6761861,66655039.3517681,37668430.9634292,36833243.9058348,38989114.4082346,33712963.4993421,34576943.6127967,181396450.945958,31711183.0492314,36888113.3729942,32036824.1187061,62775896.4251766,34071958.7674346,36366391.069803,33287747.4068666,37656665.6547964,32505483.2784573,32343499.2980401,35181898.8225098,34675458.9730862,195173648.811325,35561225.0617899,42386728.6878707,177072026.337941,35930924.5556304,194358753.389879,34368936.6294371,34333084.1196841,40262961.4186484,34523695.9476806,42037454.7607235,35801018.042782,189391563.105448,34599191.9805255,182622494.309392,34591040.0795607,37224825.7547603,57545231.5197455,32764381.7286402,35041564.116298,179937801.920976,178693369.737752,36177857.1402659,60160801.4250448,38207604.1725533,33472091.9509729,189716686.342692,171114825.46371,35658307.2003836,36062843.6758772,33878525.5791299,181907630.7769,34860071.7468253,192083263.696984,36978022.214282,42749900.5687092,30211965.0362752,738987324.346156,202181840.560033,32799885.3547293,38151557.3855506,38628819.9700314,36137786.9741149,34554275.2901652,33826397.3111291,34823177.4931499,35065478.1585003,31140909.1348242
4-Trimethylammoniobutanoic acid.HMDB0001161,11289608.8207418,11556915.2966429,7720080.08527844,7506272.63116925,7126609.35650776,7026749.04722501,12490602.0667945,12469619.4746722,5926172.01996151,6476895.11050239,6780588.35542808,6620164.27922545,11044281.0388768,10853269.0231835,10501901.8659464,9734127.12305868,8053786.82708539,8835747.32439014,5321827.99588737,5204329.0259631,9226133.44437819,9502136.812568,9393440.95473397,9317930.0984659,9698602.91093799,10673485.0676386,9355191.48115981,9174228.48445972,5928859.05632246,5736342.71417495,8683751.17966659,8946579.67327097,12074770.8660587,12526507.0923799,6713361.72028952,6599275.60250591,10202839.4905105,9275429.46339186,12625113.4926934,12012564.6061187,5766328.14041131,5738425.18131334,7520398.9156313,7164053.18376141,12853745.8655206,12445562.2954612,12148418.5472423,11668009.193108,10596765.1566761,10247299.4756745,5878622.12875666,5768972.91630922,10067760.136164,10448799.9722706,38957446.4638373,39536501.7445799,21272956.743214,21116509.9805826,7882994.75519134,7457594.64704449,11336232.9356241,11053629.9251079,9866960.67631357,9228362.89254205,5778776.11597027,5396009.03211185,8605049.54662541,8855230.31343641,7330750.33489463,7163945.2863858,8467419.04497731,8022043.19163594,15467064.5686771,15679202.2561854,12486120.5147779,13254457.0302329,7970410.67163777,7671543.99823065,7672468.38543219,7817199.00601779,7437425.20401912,7546786.47224117,8145137.30277887,8145477.89263016,17761548.3581058,18208916.7315114,9005011.10982752,9319397.6773795,28656.3695729131,21648.4788306685,19063188.0346986,18554736.4197082,18803697.182406,19128306.9517314,18719727.009218,19412279.6351596,19464477.2844242,19141335.0284848,18482432.4222136
Aniline,1700092.84770482,668449.503054221,424522.868429176,1006591.37213637,842420.08916142,1232103.53127008,894405.589155827,1355475.2554028,72627.4153327229,878764.112242275,1304630.85813133,1056487.09597971,976968.599361085,855242.731864006,999865.809236171,877053.715280933,913031.694088577,148857.048412156,902737.252617932,1142849.18222475,942578.289071794,1683597.54189373,970442.93365198,866673.958625952,753089.915133156,897297.606682299,1011671.65769058,919127.876202881,1129204.56164819,937625.214641353,811717.651214035,632832.548593458,1076924.02791706,949100.273529223,985055.66279468,813644.520695369,964661.799424367,888409.978364654,940756.470911152,968650.706725654,966662.33723755,892121.851222681,941617.252334983,1032798.82211798,1674876.57904083,1825085.61725706,4509588.69314099,4200972.69088736,1011241.00515934,893536.034098407,887843.742860431,848436.617760147,1127890.43790947,817612.673483372,11396120.8525839,11933528.9612322,6128763.67140394,6091433.92886528,1107797.94096701,883166.540752256,967301.473970931,1006576.53844687,1032869.99535143,1259638.3584695,373810.079884942,929320.300361786,839995.225224917,877635.769242095,489140.825721053,979488.00372284,865669.885688175,875032.922325691,4792053.03196038,5247566.52420063,1252455.02720148,1168969.85783277,155958.090955579,396252.153697164,1000731.79040015,924319.292292139,928803.281910164,993661.478204096,373323.676001337,374904.724099154,897853.163104935,988870.291118469,905137.305935125,1034815.48400494,1263994.80625178,912122.066202004,2629266.65061858,1641365.63764826,1249242.06031594,924829.090121443,758212.75440073,1168417.15942304,1014091.20664297,1292425.06397663,1327384.5911008
L-Proline.HMDB0000162,489900062.191415,470161162.059362,273236962.678807,248768886.088803,534308249.452214,523191292.080528,427179891.427863,427348423.251087,278525416.377157,288979032.199979,370102502.60308,377003703.992338,268981645.934214,258991937.405136,504012996.303149,463175262.446496,550667974.050233,579760007.830726,478334566.70868,465986091.424241,715093578.487956,749947773.792335,323576347.397199,304266830.664659,410603951.549581,428512538.645879,593949163.709495,571944119.925867,551969954.734932,519227741.543625,618703483.364683,643359898.547937,418282052.139056,415730227.476813,304946438.849162,288828086.979986,299166622.279488,292259469.383275,365905936.273863,353009974.196394,387554217.752819,386272269.962958,370209988.400179,372073583.325533,365457709.91862,355749813.420386,524215553.813596,466786659.254546,385627625.241447,396651311.286858,333109414.686466,341960694.360673,364957598.071348,365383036.171449,834310792.146407,848090376.93009,528013083.276764,521472697.442528,583598845.347387,553326910.087322,476189913.189688,484477623.308176,281456424.21385,272182411.755695,497606534.712217,496655073.207447,243844122.043933,257174307.969633,524318058.491734,522242274.043283,342829938.068572,317100720.067609,439864435.897169,436406457.437516,418353349.063046,447932471.789554,504465215.488302,499753227.367996,506370213.899073,507543930.393976,673726883.700742,638681322.935487,545514418.915595,535932901.170792,398355030.961006,415357402.343687,995152924.669356,988441307.699444,805098.950083221,4114899.55389372,432591439.43694,436916011.290972,464158079.060985,442435742.519926,446994757.863882,439770444.835041,445116870.366674,458836382.004742,443467467.683263
Benzidine,89122465.6870015,84932098.566982,96488637.8421528,85252155.3457947,93845041.6060689,103666078.971425,92769670.856567,106144627.681378,103695042.029312,80733561.5438702,84856463.7194091,87509158.2348108,77950350.7567161,99342772.204477,92771773.4098488,81210370.8113233,103924785.503456,96568632.5207137,96790072.8379898,65381761.9029365,115670112.838181,85352794.1543196,78471853.5057821,111562884.988254,84881911.9960273,78457302.4704709,94517480.31852,78816903.642373,91749187.5129678,95831508.2108963,74278875.2074367,67644700.3515089,122383095.844721,120300688.042788,78791465.0752455,70902136.8150487,88070191.6234872,96283863.8177059,83932796.0287846,97534465.088006,95838152.3067101,89087842.6243022,103404952.498878,112373988.499377,73665042.7950465,76504388.2702076,69571262.5768729,116650450.361665,88123953.789146,73339881.3873997,85360270.6680166,79439790.4021006,92773919.001506,79580680.204047,81516422.0306087,103981348.438158,66069267.9367184,86037269.1589954,90558652.8384842,72374131.8708418,121331484.550505,126246245.707479,121427592.488771,105777092.771841,92419602.4261055,97085950.8742863,89853628.7348719,93930539.5461124,79541109.2955541,91454034.632996,78764112.648561,73704162.1456877,67465459.9321242,109332793.278441,92792659.9719,69823448.9424812,70450833.8695875,98496053.2569457,88110590.9934099,81805172.5440843,114016857.076658,107811238.208338,78671714.7665562,85666594.8553847,71636704.8711879,90843740.3332425,77320998.3197599,82288639.8690009,144870056.31963,74603311.5631853,139759683.105286,114497987.428394,104301424.88746,95445820.3158992,88894865.2126451,84392362.7781528,87386108.6203076,74306667.0663278,75289588.6228546
2-Dodecylbenzenesulfonic acid,36998453.1099858,31866932.1224748,59786864.656238,37986930.9953101,38409901.8282587,46992123.0610882,32850855.7831011,54814076.3210678,2880961.9977004,19907270.7701006,34447140.9383903,34755386.0147063,20203773.5937198,44400706.2103422,31557188.5808475,5537816.69700025,54379899.200832,49760367.9646543,43735549.4058747,4405032.70316513,2338214.71799275,37005606.3049824,9257953.56983778,46406293.3218436,6524880.45915548,8023039.29929908,35646751.1671271,24321491.5116569,47093116.3922087,37057106.9765272,8361574.76737567,5083112.09897998,2172497.31176652,2190589.44747379,7149409.85136155,4910197.42211229,41055911.8725664,51346055.1846097,38214843.7079794,11927660.892066,62199064.7368337,31736393.9321538,44888867.8575438,2761811.15404574,5730602.8273655,17742835.8749001,5385161.87032361,58376115.8378392,36137475.6984799,5366596.67950873,5657968.46630572,7661165.16389116,36509032.7044505,9125651.95073108,48647053.0259583,51867463.5918475,6861048.71746903,28858186.8146618,37761928.3166685,6105922.99921346,271712.88952405,2203731.76299753,2137087.11883259,62098396.1005497,37612873.9330187,50100241.4600991,38569888.3861947,32840704.7214808,26272196.0268426,37777030.3058811,6669495.4243255,6304027.83372449,4630447.69472005,90233.7967947942,34057917.0184853,4793527.74122783,6153905.57041376,47995486.6268483,20960265.2401802,23964876.0889433,3219816.10381844,3150482.29333062,21175067.2128667,40183170.3546351,5541650.40366489,26718948.1238692,7111999.13752579,64636908.8925306,1605623.71307517,4699015.90102268,1549606.88984377,2667954.10580052,39308550.595748,40971261.6811891,39736374.3946411,35559955.4385934,14465028.2073649,5844550.52529977,4214778.71966389
D-Glucose.HMDB0000122,8047277.06616325,3819183.73002175,70252483.098786,63561605.1177335,110244627.111579,116177454.205646,75984959.2302701,82642911.4035609,94632384.552735,91715868.2606807,82835305.7691989,81672821.6911052,80246486.6667496,89634751.7176214,81063044.9059515,79513322.9468445,103363104.027245,97483276.6678369,87688876.5710894,82232938.7935699,100708819.844829,84395037.1353407,83490669.5604913,90626379.2134463,83487946.2537383,87139927.7313328,93602820.3477516,86959926.8541345,78428710.5235272,80771187.5158668,107175095.464894,105014250.905969,105341285.986834,100987578.931374,98144314.8818854,95261043.3416144,84111673.7064119,93359686.0611986,66747526.6128263,75726056.6189153,151194847.397007,152975274.191021,98426686.2040814,107038741.960516,88817646.3358163,84555720.0522669,92559212.257857,97702194.3654484,79466240.0847845,78230117.5206032,91006817.0530577,88740892.2499557,95422291.0675247,95095436.7884949,97238027.8622863,109832580.754243,104060484.298554,102051590.590203,84868933.8671181,83903278.6563197,98234469.2549314,92963119.8380613,98874277.37599,92686350.4625178,97305898.8844254,103906907.450564,62608209.6283544,64118622.1371222,48372090.8512735,49702794.5614281,88793977.7495224,90666978.8130159,88953246.2084632,100049204.112584,97703290.6856214,87919305.0814336,187552259.97479,208382882.09273,87219509.5894638,85338494.8170928,85454180.4498528,88892215.2160555,76381696.8767148,72520336.8099072,263523179.214153,256432161.871887,89218716.812881,88854522.3112988,109146.427843498,92545.7767411381,94325086.1118863,103515067.582514,100783252.628,94873466.6329631,90766255.3316815,91919697.3382276,93674931.7002832,89844905.9687837,90029224.0879808
N-Acetyl-L-phenylalanine.HMDB0000512,328327.336819875,127853.575100251,138031.840780096,152444.986384879,297894.486838985,312218.919683358,386168.016462795,349389.832346762,148019.217093332,160800.494509302,121111.24544324,321467.247402208,212808.202853723,221500.85429028,445187.777516001,170614.709656421,247023.142829347,146850.799045868,255865.106942422,79582.5672544445,232212.045788529,215728.182340023,163576.633748851,157767.207605513,177050.907606418,219372.361536026,522763.009977602,307756.785874034,118154.618428727,139181.248997457,223865.175603425,317599.526714625,210308.663672173,185991.816237344,166409.466258328,198695.485617035,201540.014519585,230353.044151472,864549.555601354,932067.487664212,243826.460203422,115655.148217512,2456897.22512259,2307027.32996052,380319.359591234,229871.969151179,329127.592725447,274450.485198406,159497.402591481,101318.568702425,194503.123258539,162344.331884625,105860.03643891,162734.485076271,441007.5616481,400997.692744405,636005.025250939,552969.821458741,249774.158670012,249518.748061498,165590.383398548,343474.10109697,148034.363466197,155634.675636957,433182.52068154,420131.473010703,315496.564264819,168236.448015054,214686.705000765,167205.492139511,108711.981816508,90029.921429832,178430.257723237,203878.566531619,254590.13414122,236509.005125142,216258.444986272,534379.51663479,428953.037966852,192334.323508123,148227.480332565,170837.425294359,343928.317127876,359474.390426958,246711.874149101,481909.915941445,235849.289997892,221558.489549927,31394.1656251404,27302.8090173597,25676514.6168108,27825356.7032849,27499342.8729876,28624885.7945608,27742069.5794297,28885394.3504383,29786431.2292896,29238825.2122492,30371016.2886404
2-((4-Nitrophenoxy)methyl)oxirane,763323.438354138,807044.495217492,31366.1398939099,20838.127347014,20257.0529609767,20866.8269954279,33705.238453793,55550.5528388718,1559734.49375634,538151.170141467,135583.274387769,153905.961249922,256222.603115215,151736.535850458,86899.5131581517,69220.1277411825,135144.042790313,138057.370837198,50415.3154559019,52970.1554790515,59511.4150223101,59695.388944721,810884.668670504,829856.496163762,40274.372499085,31874.7341924863,558819.279754429,528930.359745914,39551.4200183161,21840.6890336853,491152.692749011,459462.722653046,645968.698076339,670870.509898705,24621.1910133047,21437.5362569011,259499.08124646,228889.280734789,23878.5565704741,25547.0389893455,19944.2989470347,23882.0067169329,491829.204827799,495703.968981062,232178.958821317,223290.304224857,125999.001132379,111443.681065401,180186.175002932,167657.88061754,47459.1372530429,20651.8955269726,27162.9676127167,26605.005007372,1359388.5692969,1446333.89499949,3177513.97507831,89976.2059638978,28499.9351822276,28659.1252025091,188018.129060085,180620.884831124,592147.118911653,561958.752774925,125162.945344668,116091.036260409,28489.0617035542,20798.8254437939,165102.789202049,149067.791800272,421961.676828216,391493.918889521,65522.9287198868,81131.3715935982,973057.121270872,1014516.07290795,43218.9830393832,26888.1018631325,31807.9508899668,20175.6665072244,263021.952897583,229062.642803119,40153.9676349034,39022.6877321017,143797.912242101,125794.593414798,438372.153777852,443290.49014602,22008.9207144461,19844.8204663204,87054.0615067623,47195.3204224334,251169.415098164,278331.465170223,298234.847447679,289936.426616106,282822.468285161,308822.629088995,305267.58363984
